stock,change,month,year,status
unvr,0.00,9,2022,positive
unvr,1.77,8,2022,positive
unvr,-5.45,7,2022,negative
unvr,0.85,6,2022,positive
unvr,21.59,5,2022,positive
unvr,6.28,4,2022,positive
unvr,-0.54,3,2022,negative
unvr,-8.68,2,2022,negative
unvr,-1.95,1,2022,negative
unvr,-8.26,12,2021,negative
unvr,1.36,11,2021,positive
unvr,11.90,10,2021,positive
unvr,-2.47,9,2021,negative
unvr,-4.03,8,2021,negative
unvr,-14.75,7,2021,negative
unvr,-15.38,6,2021,negative
unvr,-2.50,5,2021,negative
unvr,-8.75,4,2021,negative
unvr,-6.07,3,2021,negative
unvr,1.08,2,2021,positive
unvr,-5.78,1,2021,negative
unvr,-4.85,12,2020,negative
unvr,-1.28,11,2020,negative
unvr,-3.40,10,2020,negative
unvr,-1.52,9,2020,negative
unvr,-2.08,8,2020,negative
unvr,6.33,7,2020,positive
unvr,1.94,6,2020,positive
unvr,-6.34,5,2020,negative
unvr,14.14,4,2020,positive
unvr,6.23,3,2020,positive
unvr,-14.15,2,2020,negative
unvr,-5.36,1,2020,negative
unvr,0.48,12,2019,positive
unvr,-4.40,11,2019,negative
unvr,-5.97,10,2019,negative
unvr,-4.81,9,2019,negative
unvr,12.04,8,2019,positive
unvr,-3.11,7,2019,negative
unvr,1.12,6,2019,positive
unvr,-2.20,5,2019,negative
unvr,-7.57,4,2019,negative
unvr,1.13,3,2019,positive
unvr,-2.65,2,2019,negative
unvr,10.13,1,2019,positive
unvr,7.46,12,2018,positive
unvr,-2.26,11,2018,negative
unvr,-8.08,10,2018,negative
unvr,7.24,9,2018,positive
unvr,1.39,8,2018,positive
unvr,-6.18,7,2018,negative
unvr,1.10,6,2018,positive
unvr,-1.62,5,2018,negative
unvr,-6.41,4,2018,negative
unvr,-8.12,3,2018,negative
unvr,-0.92,2,2018,negative
unvr,-2.68,1,2018,negative
unvr,13.39,12,2017,positive
unvr,-0.60,11,2017,negative
unvr,1.28,10,2017,positive
unvr,-3.12,9,2017,negative
unvr,3.27,8,2017,positive
unvr,0.31,7,2017,positive
unvr,5.68,6,2017,positive
unvr,3.76,5,2017,positive
unvr,2.71,4,2017,positive
unvr,2.73,3,2017,positive
unvr,2.37,2,2017,positive
unvr,6.19,1,2017,positive
unvr,-4.26,12,2016,negative
unvr,-8.88,11,2016,negative
unvr,-0.17,10,2016,negative
unvr,-2.41,9,2016,negative
unvr,1.33,8,2016,positive
unvr,-0.06,7,2016,negative
unvr,4.58,6,2016,positive
unvr,1.23,5,2016,positive
unvr,-0.82,4,2016,negative
unvr,-3.59,3,2016,negative
unvr,21.32,2,2016,positive
unvr,-0.81,1,2016,negative
unvr,0.68,12,2015,positive
unvr,-0.68,11,2015,negative
unvr,-2.63,10,2015,negative
unvr,-4.34,9,2015,negative
unvr,-0.69,8,2015,negative
unvr,1.27,7,2015,positive
unvr,-8.78,6,2015,negative
unvr,1.64,5,2015,positive
unvr,7.44,4,2015,positive
unvr,10.14,3,2015,positive
unvr,0.49,2,2015,positive
unvr,10.91,1,2015,positive
unvr,1.57,12,2014,positive
unvr,4.61,11,2014,positive
unvr,-4.40,10,2014,negative
unvr,2.50,9,2014,positive
unvr,0.89,8,2014,positive
unvr,5.04,7,2014,positive
unvr,0.52,6,2014,positive
unvr,-0.43,5,2014,negative
unvr,0.00,4,2014,positive
unvr,2.36,3,2014,positive
unvr,0.09,2,2014,positive
unvr,9.81,1,2014,positive
unvr,-2.26,12,2013,negative
unvr,-11.33,11,2013,negative
unvr,-0.50,10,2013,negative
unvr,-3.37,9,2013,negative
unvr,-1.89,8,2013,negative
unvr,3.41,7,2013,positive
unvr,0.82,6,2013,positive
unvr,16.19,5,2013,positive
unvr,15.13,4,2013,positive
unvr,-0.22,3,2013,negative
unvr,3.63,2,2013,positive
unvr,5.76,1,2013,positive
untr,3.62,9,2022,positive
untr,4.80,8,2022,positive
untr,13.73,7,2022,positive
untr,-9.27,6,2022,negative
untr,3.39,5,2022,positive
untr,18.49,4,2022,positive
untr,2.61,3,2022,positive
untr,7.68,2,2022,positive
untr,4.40,1,2022,positive
untr,3.75,12,2021,positive
untr,-9.34,11,2021,negative
untr,-9.42,10,2021,negative
untr,29.51,9,2021,positive
untr,2.69,8,2021,positive
untr,-3.46,7,2021,negative
untr,-10.20,6,2021,negative
untr,6.49,5,2021,positive
untr,-4.29,4,2021,negative
untr,-1.88,3,2021,negative
untr,-1.31,2,2021,negative
untr,-14.10,1,2021,negative
untr,15.65,12,2020,positive
untr,8.88,11,2020,positive
untr,-7.35,10,2020,negative
untr,-0.87,9,2020,negative
untr,7.73,8,2020,positive
untr,29.00,7,2020,positive
untr,5.41,6,2020,positive
untr,-3.68,5,2020,negative
untr,-3.55,4,2020,negative
untr,1.81,3,2020,positive
untr,-13.54,2,2020,negative
untr,-10.80,1,2020,negative
untr,2.87,12,2019,positive
untr,-3.46,11,2019,negative
untr,5.35,10,2019,positive
untr,-1.67,9,2019,negative
untr,-16.05,8,2019,negative
untr,-11.61,7,2019,negative
untr,11.24,6,2019,positive
untr,-6.72,5,2019,negative
untr,0.46,4,2019,positive
untr,2.08,3,2019,positive
untr,3.01,2,2019,positive
untr,-5.94,1,2019,negative
untr,-0.55,12,2018,negative
untr,-17.91,11,2018,negative
untr,1.52,10,2018,positive
untr,-4.07,9,2018,negative
untr,-2.41,8,2018,negative
untr,11.55,7,2018,positive
untr,-9.84,6,2018,negative
untr,2.79,5,2018,positive
untr,6.56,4,2018,positive
untr,-10.11,3,2018,negative
untr,-8.48,2,2018,negative
untr,9.89,1,2018,positive
untr,5.67,12,2017,positive
untr,-3.39,11,2017,negative
untr,8.36,10,2017,positive
untr,5.61,9,2017,positive
untr,0.66,8,2017,positive
untr,9.65,7,2017,positive
untr,-1.17,6,2017,negative
untr,3.25,5,2017,positive
untr,1.51,4,2017,positive
untr,7.51,3,2017,positive
untr,12.81,2,2017,positive
untr,2.82,1,2017,positive
untr,1.19,12,2016,positive
untr,-2.89,11,2016,negative
untr,22.18,10,2016,positive
untr,-5.60,9,2016,negative
untr,19.05,8,2016,positive
untr,6.42,7,2016,positive
untr,4.23,6,2016,positive
untr,-5.33,5,2016,negative
untr,-1.96,4,2016,negative
untr,-1.45,3,2016,negative
untr,-10.78,2,2016,negative
untr,2.65,1,2016,positive
untr,3.99,12,2015,positive
untr,-9.94,11,2015,negative
untr,3.58,10,2015,positive
untr,-8.63,9,2015,negative
untr,-5.32,8,2015,negative
untr,-0.86,7,2015,negative
untr,0.37,6,2015,positive
untr,-5.14,5,2015,negative
untr,-1.83,4,2015,negative
untr,5.06,3,2015,positive
untr,15.92,2,2015,positive
untr,3.17,1,2015,positive
untr,-5.32,12,2014,negative
untr,-0.27,11,2014,negative
untr,-7.66,10,2014,negative
untr,-10.16,9,2014,negative
untr,-3.28,8,2014,negative
untr,-0.87,7,2014,negative
untr,6.57,6,2014,positive
untr,-0.12,5,2014,negative
untr,4.58,4,2014,positive
untr,9.35,3,2014,positive
untr,-1.68,2,2014,negative
untr,1.58,1,2014,positive
untr,4.11,12,2013,positive
untr,4.29,11,2013,positive
untr,7.36,10,2013,positive
untr,3.16,9,2013,positive
untr,-5.95,8,2013,negative
untr,-7.69,7,2013,negative
untr,11.66,6,2013,positive
untr,-8.17,5,2013,negative
untr,-2.47,4,2013,negative
untr,-5.70,3,2013,negative
untr,-2.28,2,2013,negative
untr,0.25,1,2013,positive
tins,0.67,9,2022,positive
tins,2.40,8,2022,positive
tins,0.69,7,2022,positive
tins,-23.68,6,2022,negative
tins,2.43,5,2022,positive
tins,1.92,4,2022,positive
tins,14.47,3,2022,positive
tins,15.22,2,2022,positive
tins,-5.15,1,2022,negative
tins,-7.91,12,2021,negative
tins,-0.63,11,2021,negative
tins,5.30,10,2021,positive
tins,-0.98,9,2021,negative
tins,-8.41,8,2021,negative
tins,11.74,7,2021,positive
tins,-6.87,6,2021,negative
tins,-7.51,5,2021,negative
tins,7.12,4,2021,positive
tins,-27.25,3,2021,negative
tins,31.36,2,2021,positive
tins,13.80,1,2021,positive
tins,38.79,12,2020,positive
tins,28.92,11,2020,positive
tins,22.96,10,2020,positive
tins,-15.09,9,2020,negative
tins,4.61,8,2020,positive
tins,27.73,7,2020,positive
tins,34.01,6,2020,positive
tins,-4.72,5,2020,negative
tins,8.88,4,2020,positive
tins,-25.57,3,2020,negative
tins,-19.01,2,2020,negative
tins,-13.94,1,2020,negative
tins,17.02,12,2019,positive
tins,-20.79,11,2019,negative
tins,-7.77,10,2019,negative
tins,-1.53,9,2019,negative
tins,-5.31,8,2019,negative
tins,-8.81,7,2019,negative
tins,1.34,6,2019,positive
tins,-18.25,5,2019,negative
tins,9.16,4,2019,positive
tins,-8.39,3,2019,negative
tins,6.61,2,2019,positive
tins,70.20,1,2019,positive
tins,20.80,12,2018,positive
tins,-3.10,11,2018,negative
tins,-13.42,10,2018,negative
tins,-4.49,9,2018,negative
tins,-7.69,8,2018,negative
tins,4.32,7,2018,positive
tins,-13.83,6,2018,negative
tins,-8.29,5,2018,negative
tins,5.67,4,2018,positive
tins,-16.74,3,2018,negative
tins,10.95,2,2018,positive
tins,35.48,1,2018,positive
tins,-8.82,12,2017,negative
tins,3.66,11,2017,positive
tins,0.61,10,2017,positive
tins,-14.66,9,2017,negative
tins,18.63,8,2017,positive
tins,10.27,7,2017,positive
tins,-18.89,6,2017,negative
tins,-4.76,5,2017,negative
tins,-5.03,4,2017,negative
tins,0.51,3,2017,positive
tins,2.06,2,2017,positive
tins,-9.77,1,2017,negative
tins,-10.79,12,2016,negative
tins,29.57,11,2016,positive
tins,14.11,10,2016,positive
tins,1.88,9,2016,positive
tins,-4.19,8,2016,negative
tins,19.29,7,2016,positive
tins,6.87,6,2016,positive
tins,-15.48,5,2016,negative
tlkm,-1.54,9,2022,negative
tlkm,7.80,8,2022,positive
tlkm,5.75,7,2022,positive
tlkm,-7.19,6,2022,negative
tlkm,-6.71,5,2022,negative
tlkm,0.87,4,2022,positive
tlkm,5.53,3,2022,positive
tlkm,3.58,2,2022,positive
tlkm,3.71,1,2022,positive
tlkm,1.25,12,2021,positive
tlkm,5.00,11,2021,positive
tlkm,2.98,10,2021,positive
tlkm,8.53,9,2021,positive
tlkm,4.94,8,2021,positive
tlkm,2.86,7,2021,positive
tlkm,-8.43,6,2021,negative
tlkm,7.50,5,2021,positive
tlkm,-6.43,4,2021,negative
tlkm,-2.01,3,2021,negative
tlkm,12.22,2,2021,positive
tlkm,-6.04,1,2021,negative
tlkm,2.48,12,2020,positive
tlkm,23.28,11,2020,positive
tlkm,2.34,10,2020,positive
tlkm,-10.49,9,2020,negative
tlkm,-6.23,8,2020,negative
tlkm,0.00,7,2020,positive
tlkm,-3.17,6,2020,negative
tlkm,-10.00,5,2020,negative
tlkm,10.76,4,2020,positive
tlkm,-9.46,3,2020,negative
tlkm,-8.16,2,2020,negative
tlkm,-4.28,1,2020,negative
tlkm,1.02,12,2019,positive
tlkm,-4.38,11,2019,negative
tlkm,-4.64,10,2019,negative
tlkm,-3.15,9,2019,negative
tlkm,3.49,8,2019,positive
tlkm,3.86,7,2019,positive
tlkm,6.15,6,2019,positive
tlkm,2.90,5,2019,positive
tlkm,-4.05,4,2019,negative
tlkm,2.33,3,2019,positive
tlkm,-1.03,2,2019,negative
tlkm,4.00,1,2019,positive
tlkm,1.90,12,2018,positive
tlkm,-4.42,11,2018,negative
tlkm,5.77,10,2018,positive
tlkm,4.30,9,2018,positive
tlkm,-2.24,8,2018,negative
tlkm,-4.80,7,2018,negative
tlkm,6.53,6,2018,positive
tlkm,-8.09,5,2018,negative
tlkm,6.39,4,2018,positive
tlkm,-10.00,3,2018,negative
tlkm,0.25,2,2018,positive
tlkm,-10.14,1,2018,negative
tlkm,6.99,12,2017,positive
tlkm,2.98,11,2017,positive
tlkm,-13.89,10,2017,negative
tlkm,-0.21,9,2017,negative
tlkm,0.00,8,2017,positive
tlkm,3.76,7,2017,positive
tlkm,3.91,6,2017,positive
tlkm,-0.46,5,2017,negative
tlkm,5.81,4,2017,positive
tlkm,7.27,3,2017,positive
tlkm,-0.52,2,2017,negative
tlkm,-2.76,1,2017,negative
tlkm,5.29,12,2016,positive
tlkm,-10.43,11,2016,negative
tlkm,-2.09,10,2016,negative
tlkm,2.38,9,2016,positive
tlkm,-0.47,8,2016,negative
tlkm,6.28,7,2016,positive
tlkm,7.57,6,2016,positive
tlkm,4.23,5,2016,positive
tlkm,6.77,4,2016,positive
tlkm,2.31,3,2016,positive
tlkm,-2.69,2,2016,negative
tlkm,7.57,1,2016,positive
tlkm,5.97,12,2015,positive
tlkm,9.33,11,2015,positive
tlkm,1.32,10,2015,positive
towr,0.00,9,2022,positive
towr,5.53,8,2022,positive
towr,6.82,7,2022,positive
towr,10.00,6,2022,positive
towr,-0.99,5,2022,negative
towr,-5.61,4,2022,negative
towr,3.38,3,2022,positive
towr,0.98,2,2022,positive
towr,-8.89,1,2022,negative
towr,-3.02,12,2021,negative
towr,0.00,11,2021,positive
towr,-12.45,10,2021,negative
towr,-1.12,9,2021,negative
towr,-8.53,8,2021,negative
towr,18.15,7,2021,positive
towr,5.53,6,2021,positive
towr,3.07,5,2021,positive
towr,3.64,4,2021,positive
towr,-13.04,3,2021,negative
towr,31.77,2,2021,positive
towr,0.00,1,2021,positive
towr,-12.33,12,2020,negative
towr,10.61,11,2020,positive
towr,-4.35,10,2020,negative
towr,0.00,9,2020,positive
towr,-8.81,8,2020,negative
towr,11.27,7,2020,positive
towr,6.81,6,2020,positive
towr,6.11,5,2020,positive
towr,33.33,4,2020,positive
towr,-16.15,3,2020,negative
towr,-4.73,2,2020,negative
towr,4.97,1,2020,positive
towr,10.27,12,2019,positive
towr,10.61,11,2019,positive
towr,0.76,10,2019,positive
towr,-7.09,9,2019,negative
towr,-4.73,8,2019,negative
towr,4.96,7,2019,positive
towr,-2.08,6,2019,negative
towr,-7.10,5,2019,negative
towr,-1.27,4,2019,negative
towr,-0.63,3,2019,negative
towr,-6.51,2,2019,negative
towr,22.46,1,2019,positive
towr,31.43,12,2018,positive
towr,8.47,11,2018,positive
towr,-0.82,10,2018,negative
towr,-4.31,9,2018,negative
towr,-2.86,8,2018,negative
towr,-15.32,7,2018,negative
towr,19.23,6,2018,positive
towr,-17.20,5,2018,negative
towr,-12.29,4,2018,negative
towr,0.28,3,2018,positive
towr,-3.77,2,2018,negative
towr,-7.25,1,2018,negative
towr,0.25,12,2017,positive
towr,-2.68,11,2017,negative
towr,-8.28,10,2017,negative
towr,-0.22,9,2017,negative
towr,11.72,8,2017,positive
towr,5.80,7,2017,positive
towr,2.43,6,2017,positive
towr,-4.64,5,2017,negative
towr,0.00,4,2017,positive
towr,9.60,3,2017,positive
towr,1.14,2,2017,positive
towr,-2.23,1,2017,negative
towr,-10.28,12,2016,negative
towr,3.64,11,2016,positive
towr,-1.28,10,2016,negative
towr,-2.50,9,2016,negative
towr,-4.76,8,2016,negative
towr,-1.18,7,2016,negative
towr,0.00,6,2016,positive
towr,3.66,5,2016,positive
towr,-6.82,4,2016,negative
towr,8.64,3,2016,positive
towr,-9.90,2,2016,negative
towr,-5.37,1,2016,negative
towr,13.10,12,2015,positive
towr,5.53,11,2015,positive
towr,-0.25,10,2015,negative
ptba,4.24,9,2022,positive
ptba,-1.16,8,2022,negative
ptba,12.57,7,2022,positive
ptba,-15.67,6,2022,negative
ptba,18.59,5,2022,positive
ptba,16.11,4,2022,positive
ptba,4.78,3,2022,positive
ptba,10.18,2,2022,positive
ptba,5.17,1,2022,positive
ptba,4.23,12,2021,positive
ptba,-2.99,11,2021,negative
ptba,-2.90,10,2021,negative
ptba,30.81,9,2021,positive
ptba,-5.38,8,2021,negative
ptba,11.50,7,2021,positive
ptba,-9.50,6,2021,negative
ptba,-6.75,5,2021,negative
ptba,-9.54,4,2021,negative
ptba,-3.32,3,2021,negative
ptba,5.04,2,2021,positive
ptba,-8.19,1,2021,negative
ptba,19.07,12,2020,positive
ptba,20.41,11,2020,positive
ptba,-0.51,10,2020,negative
ptba,-3.43,9,2020,negative
ptba,0.49,8,2020,positive
ptba,0.50,7,2020,positive
ptba,3.86,6,2020,positive
ptba,3.73,5,2020,positive
ptba,-13.99,4,2020,negative
ptba,-2.68,3,2020,negative
ptba,1.36,2,2020,positive
ptba,-16.92,1,2020,negative
ptba,9.92,12,2019,positive
ptba,7.56,11,2019,positive
ptba,-0.44,10,2019,negative
ptba,-8.50,9,2019,negative
ptba,-9.85,8,2019,negative
ptba,-7.43,7,2019,negative
ptba,-3.27,6,2019,negative
ptba,-22.73,5,2019,negative
ptba,-5.71,4,2019,negative
ptba,5.53,3,2019,positive
ptba,-7.66,2,2019,negative
ptba,0.23,1,2019,positive
ptba,6.97,12,2018,positive
ptba,-5.41,11,2018,negative
ptba,-1.62,10,2018,negative
ptba,6.67,9,2018,positive
ptba,-9.60,8,2018,negative
ptba,12.85,7,2018,positive
ptba,4.47,6,2018,positive
ptba,17.28,5,2018,positive
ptba,10.20,4,2018,positive
ptba,-7.26,3,2018,negative
ptba,-6.76,2,2018,negative
ptba,38.21,1,2018,positive
ptba,9.33,12,2017,positive
ptba,-1.96,11,2017,negative
ptba,9.81,10,2017,positive
ptba,-15.56,9,2017,negative
ptba,-5.53,8,2017,negative
ptba,9.62,7,2017,positive
ptba,9.63,6,2017,positive
ptba,-14.00,5,2017,negative
ptba,-3.98,4,2017,negative
ptba,18.12,3,2017,positive
ptba,-3.66,2,2017,negative
ptba,-7.20,1,2017,negative
ptba,5.93,12,2016,positive
ptba,-0.84,11,2016,negative
ptba,23.64,10,2016,positive
ptba,-3.02,9,2016,negative
ptba,0.76,8,2016,positive
ptba,27.92,7,2016,positive
ptba,20.78,6,2016,positive
ptba,-9.57,5,2016,negative
ptba,12.35,4,2016,positive
tins,4.73,4,2016,positive
tins,29.82,3,2016,positive
tins,9.62,2,2016,positive
tins,2.97,1,2016,positive
tins,-3.81,12,2015,negative
tins,-16.00,11,2015,negative
tins,-2.34,10,2015,negative
tins,5.79,9,2015,positive
tins,0.00,8,2015,positive
tins,-14.79,7,2015,negative
tins,-19.32,6,2015,negative
tins,7.98,5,2015,positive
tins,-14.21,4,2015,negative
tins,-6.86,3,2015,negative
tins,-13.19,2,2015,negative
tins,-4.47,1,2015,negative
tins,0.41,12,2014,positive
tins,-0.81,11,2014,negative
tins,0.82,10,2014,positive
tins,-14.34,9,2014,negative
tins,0.70,8,2014,positive
tins,12.70,7,2014,positive
tins,-11.58,6,2014,negative
tins,-5.00,5,2014,negative
tins,13.81,4,2014,positive
tins,20.81,3,2014,positive
tins,26.13,2,2014,positive
tins,-19.98,1,2014,negative
tins,-0.64,12,2013,negative
tins,-0.64,11,2013,negative
tins,0.64,10,2013,positive
tins,24.77,9,2013,positive
tins,12.23,8,2013,positive
tins,11.64,7,2013,positive
tins,-17.63,6,2013,negative
tins,-11.98,5,2013,negative
tins,-0.62,4,2013,negative
tins,-2.72,3,2013,negative
tins,-10.94,2,2013,negative
tins,7.11,1,2013,positive
tlkm,-7.84,9,2015,negative
tlkm,-2.38,8,2015,negative
tlkm,0.34,7,2015,positive
tlkm,2.99,6,2015,positive
tlkm,8.80,5,2015,positive
tlkm,-9.52,4,2015,negative
tlkm,-1.53,3,2015,negative
tlkm,3.71,2,2015,positive
tlkm,-1.22,1,2015,negative
tlkm,1.42,12,2014,positive
tlkm,2.73,11,2014,positive
tlkm,-5.66,10,2014,negative
tlkm,9.38,9,2014,positive
tlkm,0.57,8,2014,positive
tlkm,7.51,7,2014,positive
tlkm,-4.27,6,2014,negative
tlkm,13.69,5,2014,positive
tlkm,2.26,4,2014,positive
tlkm,-4.73,3,2014,negative
tlkm,2.20,2,2014,positive
tlkm,5.81,1,2014,positive
tlkm,-1.15,12,2013,negative
tlkm,-7.45,11,2013,negative
tlkm,11.90,10,2013,positive
tlkm,-4.55,9,2013,negative
tlkm,-7.56,8,2013,negative
tlkm,5.78,7,2013,positive
tlkm,1.81,6,2013,positive
tlkm,-5.56,5,2013,negative
tlkm,6.36,4,2013,positive
tlkm,2.33,3,2013,positive
tlkm,10.82,2,2013,positive
tlkm,7.18,1,2013,positive
smgr,-0.76,9,2022,negative
smgr,1.15,8,2022,positive
smgr,-8.42,7,2022,negative
smgr,-2.40,6,2022,negative
smgr,14.06,5,2022,positive
smgr,-3.76,4,2022,negative
smgr,-7.64,3,2022,negative
smgr,7.06,2,2022,positive
smgr,-7.24,1,2022,negative
smgr,-9.38,12,2021,negative
smgr,-12.09,11,2021,negative
smgr,10.98,10,2021,positive
smgr,-11.35,9,2021,negative
smgr,20.13,8,2021,positive
smgr,-18.95,7,2021,negative
smgr,-2.06,6,2021,negative
smgr,-6.95,5,2021,negative
smgr,0.00,4,2021,positive
smgr,2.21,3,2021,positive
smgr,-3.77,2,2021,negative
smgr,-14.69,1,2021,negative
smgr,6.20,12,2020,positive
smgr,22.19,11,2020,positive
smgr,4.36,10,2020,positive
smgr,-13.03,9,2020,negative
smgr,14.36,8,2020,positive
smgr,-4.16,7,2020,negative
smgr,-1.79,6,2020,negative
smgr,23.27,5,2020,positive
smgr,4.26,4,2020,positive
smgr,-27.21,3,2020,negative
smgr,-12.34,2,2020,negative
smgr,-0.42,1,2020,negative
smgr,4.80,12,2019,positive
smgr,-9.49,11,2019,negative
smgr,9.52,10,2019,positive
smgr,-12.83,9,2019,negative
smgr,2.91,8,2019,positive
smgr,11.23,7,2019,positive
smgr,0.22,6,2019,positive
smgr,-14.44,5,2019,negative
smgr,-3.23,4,2019,negative
smgr,10.28,3,2019,positive
smgr,-0.20,2,2019,negative
smgr,10.22,1,2019,positive
smgr,-4.37,12,2018,negative
smgr,33.61,11,2018,positive
smgr,-9.32,10,2018,negative
smgr,5.03,9,2018,positive
smgr,24.34,8,2018,positive
smgr,6.67,7,2018,positive
smgr,-15.18,6,2018,negative
smgr,-12.95,5,2018,negative
smgr,-6.76,4,2018,negative
smgr,-6.97,3,2018,negative
smgr,-0.22,2,2018,negative
smgr,12.63,1,2018,positive
smgr,5.32,12,2017,positive
smgr,-13.76,11,2017,negative
smgr,7.65,10,2017,positive
smgr,-3.34,9,2017,negative
smgr,5.28,8,2017,positive
smgr,-0.50,7,2017,negative
smgr,5.82,6,2017,positive
smgr,7.08,5,2017,positive
smgr,-1.94,4,2017,negative
smgr,-6.49,3,2017,negative
smgr,6.65,2,2017,positive
smgr,-1.63,1,2017,negative
smgr,3.38,12,2016,positive
smgr,-9.90,11,2016,negative
smgr,-2.48,10,2016,negative
smgr,2.02,9,2016,positive
smgr,5.60,8,2016,positive
towr,0.76,9,2015,positive
towr,-0.88,8,2015,negative
towr,-0.12,7,2015,negative
towr,0.76,6,2015,positive
towr,-0.63,5,2015,negative
towr,-0.62,4,2015,negative
towr,6.49,3,2015,positive
towr,-3.45,2,2015,negative
towr,-5.78,1,2015,negative
towr,0.24,12,2014,positive
towr,0.98,11,2014,positive
towr,-2.38,10,2014,negative
towr,0.12,9,2014,positive
towr,5.67,8,2014,positive
towr,-0.13,7,2014,negative
towr,3.25,6,2014,positive
towr,-1.28,5,2014,negative
towr,-1.76,4,2014,negative
towr,16.76,3,2014,positive
towr,6.25,2,2014,positive
towr,16.36,1,2014,positive
towr,2.80,12,2013,positive
towr,0.00,11,2013,positive
towr,-3.60,10,2013,negative
towr,-5.13,9,2013,negative
towr,2.63,8,2013,positive
towr,16.33,7,2013,positive
towr,-3.92,6,2013,negative
towr,-1.35,5,2013,negative
towr,-0.58,4,2013,negative
towr,-4.06,3,2013,negative
towr,6.27,2,2013,positive
towr,12.33,1,2013,positive
tbig,3.90,9,2022,positive
tbig,-8.14,8,2022,negative
tbig,4.42,7,2022,positive
tbig,-0.34,6,2022,negative
tbig,-1.99,5,2022,negative
tbig,4.88,4,2022,positive
tbig,-2.38,3,2022,negative
tbig,2.08,2,2022,positive
tbig,-2.37,1,2022,negative
tbig,-2.32,12,2021,negative
tbig,2.72,11,2021,positive
tbig,-0.68,10,2021,negative
tbig,-5.43,9,2021,negative
tbig,-2.49,8,2021,negative
tbig,0.00,7,2021,positive
tbig,23.94,6,2021,positive
tbig,-7.17,5,2021,negative
tbig,34.78,4,2021,positive
tbig,-4.61,3,2021,negative
tbig,-3.12,2,2021,negative
tbig,37.42,1,2021,positive
tbig,14.39,12,2020,positive
tbig,-5.00,11,2020,negative
tbig,12.36,10,2020,positive
tbig,2.30,9,2020,positive
tbig,1.16,8,2020,positive
tbig,16.74,7,2020,positive
tbig,4.25,6,2020,positive
tbig,-11.30,5,2020,negative
tbig,32.04,4,2020,positive
tbig,-18.10,3,2020,negative
tbig,-4.74,2,2020,negative
tbig,-5.69,1,2020,negative
tbig,12.33,12,2019,positive
tbig,-13.44,11,2019,negative
tbig,3.27,10,2019,positive
tbig,2.51,9,2019,positive
tbig,42.26,8,2019,positive
tbig,10.82,7,2019,positive
tbig,3.55,6,2019,positive
tbig,-7.34,5,2019,negative
tbig,0.25,4,2019,positive
tbig,-1.01,3,2019,negative
tbig,-19.11,2,2019,negative
tbig,36.67,1,2019,positive
tbig,-10.22,12,2018,negative
tbig,-14.32,11,2018,negative
tbig,-16.80,10,2018,negative
tbig,1.35,9,2018,positive
tbig,5.71,8,2018,positive
tbig,5.21,7,2018,positive
tbig,-1.67,6,2018,negative
tbig,-8.56,5,2018,negative
tbig,-0.45,4,2018,negative
tbig,-0.89,3,2018,negative
tbig,-8.54,2,2018,negative
tbig,-4.28,1,2018,negative
tbig,12.72,12,2017,positive
tbig,-16.18,11,2017,negative
tbig,3.42,10,2017,positive
tbig,2.33,9,2017,positive
tbig,-4.81,8,2017,negative
tbig,-0.74,7,2017,negative
tbig,17.75,6,2017,positive
tbig,-1.28,5,2017,negative
tbig,7.34,4,2017,positive
tbig,9.00,3,2017,positive
tbig,1.01,2,2017,positive
tbig,-0.60,1,2017,negative
tbig,-10.27,12,2016,negative
tbig,-7.11,11,2016,negative
tbig,-2.05,10,2016,negative
tbig,9.42,9,2016,positive
tbig,-2.19,8,2016,negative
tbig,-13.64,7,2016,negative
tbig,-0.75,6,2016,negative
tbig,12.24,5,2016,positive
tbig,1.72,4,2016,positive
tbig,0.87,3,2016,positive
tbig,-8.33,2,2016,negative
tbig,7.23,1,2016,positive
tbig,-3.29,12,2015,negative
tbig,-15.03,11,2015,negative
tbig,9.16,10,2015,positive
tbig,-8.71,9,2015,negative
tbig,-14.33,8,2015,negative
tbig,-9.21,7,2015,negative
tbig,-2.12,6,2015,negative
pgas,3.26,9,2022,positive
pgas,9.52,8,2022,positive
pgas,5.66,7,2022,positive
pgas,-11.67,6,2022,negative
pgas,24.14,5,2022,positive
pgas,3.20,4,2022,positive
pgas,-2.43,3,2022,negative
pgas,4.35,2,2022,positive
pgas,0.36,1,2022,positive
pgas,-8.33,12,2021,negative
pgas,-0.66,11,2021,negative
pgas,26.89,10,2021,positive
pgas,14.98,9,2021,positive
pgas,6.15,8,2021,positive
pgas,-2.99,7,2021,negative
pgas,-9.87,6,2021,negative
pgas,-8.98,5,2021,negative
pgas,-6.84,4,2021,negative
pgas,-8.68,3,2021,negative
pgas,7.06,2,2021,positive
pgas,-18.73,1,2021,negative
pgas,19.06,12,2020,positive
pgas,29.30,11,2020,positive
pgas,16.22,10,2020,positive
pgas,-26.29,9,2020,negative
pgas,-0.79,8,2020,negative
pgas,11.45,7,2020,positive
pgas,31.98,6,2020,positive
pgas,0.58,5,2020,positive
pgas,10.32,4,2020,positive
pgas,-39.45,3,2020,negative
pgas,-24.93,2,2020,negative
pgas,-21.43,1,2020,negative
pgas,13.02,12,2019,positive
pgas,-9.00,11,2019,negative
pgas,0.48,10,2019,positive
pgas,9.38,9,2019,positive
pgas,-6.34,8,2019,negative
pgas,-2.84,7,2019,negative
pgas,2.43,6,2019,positive
pgas,-11.21,5,2019,negative
pgas,-1.28,4,2019,negative
pgas,-7.48,3,2019,negative
pgas,-1.17,2,2019,negative
pgas,21.23,1,2019,positive
pgas,8.44,12,2018,positive
pgas,-11.94,11,2018,negative
pgas,-1.33,10,2018,negative
pgas,5.14,9,2018,positive
pgas,25.88,8,2018,positive
pgas,-14.79,7,2018,negative
pgas,-3.62,6,2018,negative
pgas,4.28,5,2018,positive
pgas,-13.70,4,2018,negative
pgas,-13.86,3,2018,negative
pgas,2.30,2,2018,positive
pgas,49.14,1,2018,positive
pgas,2.94,12,2017,positive
pgas,-7.61,11,2017,negative
pgas,16.83,10,2017,positive
pgas,-25.71,9,2017,negative
pgas,-5.78,8,2017,negative
pgas,0.00,7,2017,positive
pgas,-6.25,6,2017,negative
pgas,-1.23,5,2017,negative
pgas,-3.95,4,2017,negative
pgas,-10.60,3,2017,negative
pgas,-1.74,2,2017,negative
pgas,6.67,1,2017,positive
pgas,1.89,12,2016,positive
pgas,3.52,11,2016,positive
pgas,-10.80,10,2016,negative
pgas,-4.97,9,2016,negative
pgas,-8.21,8,2016,negative
pgas,40.60,7,2016,positive
pgas,-5.65,6,2016,negative
pgas,-5.34,5,2016,negative
pgas,0.19,4,2016,positive
pgas,-0.76,3,2016,negative
pgas,9.56,2,2016,positive
pgas,-12.39,1,2016,negative
pgas,3.39,12,2015,positive
ptba,23.65,3,2016,positive
ptba,14.04,2,2016,positive
ptba,-1.66,1,2016,negative
ptba,-19.20,12,2015,negative
ptba,-23.29,11,2015,negative
ptba,29.78,10,2015,positive
ptba,-3.85,9,2015,negative
ptba,-2.50,8,2015,negative
ptba,-28.57,7,2015,negative
ptba,-14.50,6,2015,negative
ptba,5.08,5,2015,positive
ptba,-13.02,4,2015,negative
ptba,0.70,3,2015,positive
ptba,-6.15,2,2015,negative
ptba,-9.00,1,2015,negative
ptba,-4.94,12,2014,negative
ptba,1.54,11,2014,positive
ptba,-1.89,10,2014,negative
ptba,-1.12,9,2014,negative
ptba,14.59,8,2014,positive
ptba,8.62,7,2014,positive
ptba,0.23,6,2014,positive
ptba,8.35,5,2014,positive
ptba,5.90,4,2014,positive
ptba,-2.61,3,2014,negative
ptba,3.51,2,2014,positive
ptba,-9.31,1,2014,negative
ptba,-15.00,12,2013,negative
ptba,-1.23,11,2013,negative
ptba,-4.71,10,2013,negative
ptba,5.37,9,2013,positive
ptba,21.61,8,2013,positive
ptba,-25.19,7,2013,negative
ptba,9.02,6,2013,positive
ptba,-20.00,5,2013,negative
ptba,5.90,4,2013,positive
ptba,-4.64,3,2013,negative
ptba,-2.58,2,2013,negative
ptba,2.65,1,2013,positive
smgr,0.27,7,2016,positive
smgr,3.89,6,2016,positive
smgr,-9.09,5,2016,negative
smgr,-2.70,4,2016,negative
smgr,-0.73,3,2016,negative
smgr,-7.24,2,2016,negative
smgr,-3.07,1,2016,negative
smgr,7.29,12,2015,positive
smgr,8.42,11,2015,positive
smgr,8.29,10,2015,positive
smgr,-2.16,9,2015,negative
smgr,-8.42,8,2015,negative
smgr,-15.83,7,2015,negative
smgr,-10.78,6,2015,negative
smgr,7.60,5,2015,positive
smgr,-8.42,4,2015,negative
smgr,-8.24,3,2015,negative
smgr,2.06,2,2015,positive
smgr,-10.03,1,2015,negative
smgr,1.25,12,2014,positive
smgr,0.79,11,2014,positive
smgr,2.92,10,2014,positive
smgr,-4.93,9,2014,negative
smgr,-2.11,8,2014,negative
smgr,9.95,7,2014,positive
smgr,2.38,6,2014,positive
smgr,-0.84,5,2014,negative
smgr,-6.01,4,2014,negative
smgr,5.33,3,2014,positive
smgr,5.63,2,2014,positive
smgr,0.35,1,2014,positive
smgr,10.55,12,2013,positive
smgr,-10.80,11,2013,negative
smgr,10.38,10,2013,positive
smgr,3.17,9,2013,positive
smgr,-17.11,8,2013,negative
smgr,-11.11,7,2013,negative
smgr,-5.00,6,2013,negative
smgr,-2.17,5,2013,negative
smgr,3.95,4,2013,positive
smgr,2.02,3,2013,positive
smgr,10.16,2,2013,positive
smgr,-0.63,1,2013,negative
tbig,11.21,5,2015,positive
tbig,-10.55,4,2015,negative
tbig,2.16,3,2015,positive
tbig,-2.37,2,2015,negative
tbig,-2.06,1,2015,negative
tbig,2.92,12,2014,positive
tbig,5.90,11,2014,positive
tbig,11.25,10,2014,positive
tbig,1.59,9,2014,positive
tbig,-5.12,8,2014,negative
tbig,3.11,7,2014,positive
tbig,4.89,6,2014,positive
tbig,18.08,5,2014,positive
tbig,8.33,4,2014,positive
tbig,-4.00,3,2014,negative
tbig,0.81,2,2014,positive
tbig,6.90,1,2014,positive
tbig,-3.33,12,2013,negative
tbig,5.26,11,2013,positive
tbig,-2.56,10,2013,negative
tbig,12.50,9,2013,positive
tbig,-8.77,8,2013,negative
tbig,9.62,7,2013,positive
tbig,-13.33,6,2013,negative
tbig,6.19,5,2013,positive
tbig,-6.61,4,2013,negative
tbig,8.04,3,2013,positive
tbig,-5.08,2,2013,negative
tbig,3.51,1,2013,positive
pgas,-11.50,11,2015,negative
pgas,18.58,10,2015,positive
pgas,-8.99,9,2015,negative
pgas,-30.50,8,2015,negative
pgas,-7.30,7,2015,negative
pgas,0.47,6,2015,positive
pgas,4.76,5,2015,positive
pgas,-14.58,4,2015,negative
pgas,-7.69,3,2015,negative
pgas,2.97,2,2015,positive
pgas,-15.83,1,2015,negative
pgas,0.84,12,2014,positive
pgas,0.00,11,2014,positive
pgas,-0.83,10,2014,negative
pgas,3.45,9,2014,positive
pgas,-1.69,8,2014,negative
pgas,5.83,7,2014,positive
pgas,2.76,6,2014,positive
pgas,1.88,5,2014,positive
pgas,3.90,4,2014,positive
pgas,4.59,3,2014,positive
pgas,2.73,2,2014,positive
pgas,6.59,1,2014,positive
mdka,-6.07,9,2022,negative
mdka,5.42,8,2022,positive
mdka,1.75,7,2022,positive
mdka,-26.79,6,2022,negative
mdka,2.83,5,2022,positive
mdka,19.94,4,2022,positive
mdka,17.03,3,2022,positive
mdka,6.34,2,2022,positive
mdka,-6.43,1,2022,negative
mdka,6.27,12,2021,positive
mdka,15.83,11,2021,positive
mdka,25.38,10,2021,positive
mdka,-10.61,9,2021,negative
mdka,-4.74,8,2021,negative
mdka,0.70,7,2021,positive
mdka,8.88,6,2021,positive
mdka,3.05,5,2021,positive
mdka,21.83,4,2021,positive
mdka,-24.01,3,2021,negative
mdka,10.97,2,2021,positive
mdka,4.93,1,2021,positive
mdka,25.25,12,2020,positive
mdka,6.05,11,2020,positive
mdka,13.26,10,2020,positive
mdka,-7.18,9,2020,negative
mdka,-2.75,8,2020,negative
mdka,31.08,7,2020,positive
mdka,5.05,6,2020,positive
mdka,5.67,5,2020,positive
mdka,21.21,4,2020,positive
mdka,-22.23,3,2020,negative
mdka,11.57,2,2020,positive
mdka,9.29,1,2020,positive
mdka,-1.42,12,2019,negative
mdka,-9.18,11,2019,negative
mdka,-4.03,10,2019,negative
mdka,2.10,9,2019,positive
mdka,21.43,8,2019,positive
mdka,6.41,7,2019,positive
mdka,15.70,6,2019,positive
mdka,2.05,5,2019,positive
mdka,18.00,4,2019,positive
mdka,-5.16,3,2019,negative
mdka,3.87,2,2019,positive
mdka,-1.76,1,2019,negative
mdka,23.29,12,2018,positive
mdka,1.47,11,2018,positive
mdka,3.61,10,2018,positive
mdka,3.54,9,2018,positive
mdka,-6.43,8,2018,negative
mdka,-16.95,7,2018,negative
mdka,32.86,6,2018,positive
mdka,11.54,5,2018,positive
mdka,-14.17,4,2018,negative
mdka,14.70,3,2018,positive
mdka,2.51,2,2018,positive
mdka,9.23,1,2018,positive
mdka,-8.86,12,2017,negative
mdka,0.00,11,2017,positive
mdka,0.00,10,2017,positive
mdka,-2.00,9,2017,negative
mdka,0.45,8,2017,positive
mdka,3.95,7,2017,positive
mdka,-7.73,6,2017,negative
mdka,3.79,5,2017,positive
mdka,-4.06,4,2017,negative
mdka,17.88,3,2017,positive
mdka,7.59,2,2017,positive
mdka,-1.60,1,2017,negative
mdka,0.00,12,2016,positive
mdka,-1.57,11,2016,negative
mdka,1.60,10,2016,positive
mdka,0.00,9,2016,positive
mdka,0.00,8,2016,positive
mdka,1.08,7,2016,positive
mdka,4.51,6,2016,positive
mdka,-6.58,5,2016,negative
mdka,2.98,4,2016,positive
klbf,-0.89,9,2022,negative
klbf,3.70,8,2022,positive
klbf,-2.41,7,2022,negative
klbf,-0.90,6,2022,negative
klbf,2.13,5,2022,positive
klbf,1.86,4,2022,positive
klbf,-2.13,3,2022,negative
klbf,0.30,2,2022,positive
klbf,1.55,1,2022,positive
klbf,0.94,12,2021,positive
klbf,0.00,11,2021,positive
klbf,11.89,10,2021,positive
klbf,6.32,9,2021,positive
klbf,6.75,8,2021,positive
klbf,-10.00,7,2021,negative
klbf,-3.45,6,2021,negative
klbf,0.69,5,2021,positive
klbf,-8.28,4,2021,negative
klbf,6.80,3,2021,positive
klbf,0.34,2,2021,positive
klbf,-1.01,1,2021,negative
klbf,-1.66,12,2020,negative
klbf,-1.31,11,2020,negative
klbf,-1.61,10,2020,negative
klbf,-1.90,9,2020,negative
klbf,0.96,8,2020,positive
klbf,7.19,7,2020,positive
klbf,3.18,6,2020,positive
klbf,-1.74,5,2020,negative
klbf,20.00,4,2020,positive
klbf,-1.64,3,2020,negative
klbf,-14.69,2,2020,negative
klbf,-11.73,1,2020,negative
klbf,6.23,12,2019,positive
klbf,-4.39,11,2019,negative
klbf,-4.78,10,2019,negative
klbf,-0.89,9,2019,negative
klbf,14.97,8,2019,positive
klbf,0.68,7,2019,positive
klbf,3.91,6,2019,positive
klbf,-9.06,5,2019,negative
klbf,1.64,4,2019,positive
klbf,1.67,3,2019,positive
klbf,-6.56,2,2019,negative
klbf,5.26,1,2019,positive
klbf,-0.33,12,2018,negative
klbf,11.31,11,2018,positive
klbf,-0.72,10,2018,negative
klbf,2.60,9,2018,positive
klbf,3.86,8,2018,positive
klbf,6.15,7,2018,positive
klbf,-10.95,6,2018,negative
klbf,-8.97,5,2018,negative
klbf,0.33,4,2018,positive
klbf,-6.25,3,2018,negative
klbf,-3.90,2,2018,negative
klbf,-1.48,1,2018,negative
klbf,5.62,12,2017,positive
klbf,0.00,11,2017,positive
klbf,-3.90,10,2017,negative
klbf,-2.63,9,2017,negative
klbf,-1.44,8,2017,negative
klbf,6.77,7,2017,positive
klbf,5.52,6,2017,positive
klbf,-2.84,5,2017,negative
klbf,2.92,4,2017,positive
klbf,0.65,3,2017,positive
klbf,5.52,2,2017,positive
klbf,-4.29,1,2017,negative
klbf,1.00,12,2016,positive
klbf,-13.79,11,2016,negative
pgas,-7.73,12,2013,negative
pgas,-4.90,11,2013,negative
pgas,-1.92,10,2013,negative
pgas,-3.70,9,2013,negative
pgas,-8.47,8,2013,negative
pgas,2.61,7,2013,positive
pgas,4.55,6,2013,positive
pgas,-12.00,5,2013,negative
pgas,5.04,4,2013,positive
pgas,23.96,3,2013,positive
pgas,2.67,2,2013,positive
pgas,1.63,1,2013,positive
inco,0.41,9,2022,positive
inco,0.00,8,2022,positive
inco,7.96,7,2022,positive
inco,-31.31,6,2022,negative
inco,12.67,5,2022,positive
inco,8.96,4,2022,positive
inco,24.07,3,2022,positive
inco,14.65,2,2022,positive
inco,0.64,1,2022,positive
inco,-2.30,12,2021,negative
inco,-1.24,11,2021,negative
inco,5.66,10,2021,positive
inco,-9.56,9,2021,negative
inco,-7.73,8,2021,negative
inco,19.31,7,2021,positive
inco,-2.54,6,2021,negative
inco,2.60,5,2021,positive
inco,5.25,4,2021,positive
inco,-27.90,3,2021,negative
inco,10.45,2,2021,positive
inco,7.84,1,2021,positive
inco,10.63,12,2020,positive
inco,13.83,11,2020,positive
inco,13.76,10,2020,positive
inco,-6.07,9,2020,negative
inco,10.82,8,2020,positive
inco,22.14,7,2020,positive
inco,0.72,6,2020,positive
inco,8.17,5,2020,positive
inco,18.98,4,2020,positive
inco,-11.84,3,2020,negative
inco,-22.47,2,2020,negative
inco,-13.19,1,2020,negative
inco,21.33,12,2019,positive
inco,-19.14,11,2019,negative
inco,5.70,10,2019,positive
inco,-0.57,9,2019,negative
inco,16.50,8,2019,positive
inco,-2.88,7,2019,negative
inco,15.56,6,2019,positive
inco,-11.48,5,2019,negative
inco,-10.03,4,2019,negative
inco,-9.36,3,2019,negative
inco,-2.86,2,2019,negative
inco,18.10,1,2019,positive
inco,7.59,12,2018,positive
inco,3.77,11,2018,positive
inco,-21.29,10,2018,negative
inco,-2.37,9,2018,negative
inco,-13.04,8,2018,negative
inco,8.17,7,2018,positive
inco,4.66,6,2018,positive
inco,22.15,5,2018,positive
inco,13.26,4,2018,positive
inco,-17.70,3,2018,negative
inco,-9.60,2,2018,negative
inco,29.76,1,2018,positive
inco,4.71,12,2017,positive
inco,-6.12,11,2017,negative
inco,13.51,10,2017,positive
inco,-12.79,9,2017,negative
inco,22.73,8,2017,positive
inco,30.81,7,2017,positive
inco,-2.89,6,2017,negative
inco,-14.19,5,2017,negative
inco,-7.11,4,2017,negative
inco,-6.27,3,2017,negative
inco,7.59,2,2017,positive
inco,-15.96,1,2017,negative
indf,1.20,9,2022,positive
indf,-8.46,8,2022,negative
indf,-3.55,7,2022,negative
indf,6.82,6,2022,positive
indf,4.76,5,2022,positive
indf,5.88,4,2022,positive
indf,-4.03,3,2022,negative
indf,-1.98,2,2022,negative
indf,0.00,1,2022,positive
indf,0.40,12,2021,positive
indf,-0.79,11,2021,negative
indf,0.00,10,2021,positive
indf,2.83,9,2021,positive
indf,1.65,8,2021,positive
indf,-1.62,7,2021,negative
indf,-2.76,6,2021,negative
indf,-2.68,5,2021,negative
indf,-1.14,4,2021,negative
indf,9.09,3,2021,positive
indf,0.00,2,2021,positive
indf,-11.68,1,2021,negative
indf,-3.52,12,2020,negative
indf,1.43,11,2020,positive
indf,-2.10,10,2020,negative
indf,-6.23,9,2020,negative
indf,18.22,8,2020,positive
indf,-1.15,7,2020,negative
indf,13.48,6,2020,positive
indf,-11.88,5,2020,negative
indf,2.76,4,2020,positive
indf,-2.31,3,2020,negative
indf,-16.93,2,2020,negative
indf,-1.26,1,2020,negative
indf,-0.31,12,2019,negative
indf,3.25,11,2019,positive
indf,0.00,10,2019,positive
indf,-2.84,9,2019,negative
indf,12.01,8,2019,positive
indf,0.71,7,2019,positive
indf,6.44,6,2019,positive
indf,-5.04,5,2019,negative
indf,9.02,4,2019,positive
indf,-9.89,3,2019,negative
indf,-8.71,2,2019,negative
indf,4.03,1,2019,positive
indf,12.88,12,2018,positive
indf,10.46,11,2018,positive
indf,1.27,10,2018,positive
indf,-7.45,9,2018,negative
indf,0.39,8,2018,positive
indf,-4.51,7,2018,negative
indf,-6.01,6,2018,negative
indf,1.43,5,2018,positive
indf,-3.12,4,2018,negative
indf,-4.95,3,2018,negative
indf,-2.26,2,2018,negative
indf,1.64,1,2018,positive
itmg,12.02,9,2022,positive
itmg,-0.76,8,2022,negative
itmg,29.10,7,2022,positive
itmg,-12.36,6,2022,negative
itmg,23.24,5,2022,positive
itmg,-0.53,4,2022,negative
itmg,7.03,3,2022,positive
itmg,23.21,2,2022,positive
itmg,6.13,1,2022,positive
itmg,-5.34,12,2021,negative
itmg,-0.23,11,2021,negative
itmg,3.85,10,2021,positive
itmg,30.00,9,2021,positive
itmg,-5.60,8,2021,negative
itmg,19.37,7,2021,positive
itmg,9.86,6,2021,positive
itmg,8.84,5,2021,positive
itmg,3.94,4,2021,positive
itmg,-6.35,3,2021,negative
itmg,-0.41,2,2021,negative
itmg,-11.55,1,2021,negative
itmg,5.73,12,2020,positive
itmg,61.23,11,2020,positive
itmg,-0.31,10,2020,negative
itmg,-1.51,9,2020,negative
itmg,4.75,8,2020,positive
itmg,11.27,7,2020,positive
itmg,-12.35,6,2020,negative
itmg,12.50,5,2020,positive
itmg,-11.11,4,2020,negative
itmg,-28.32,3,2020,negative
itmg,12.44,2,2020,positive
itmg,-12.42,1,2020,negative
itmg,12.22,12,2019,positive
itmg,-23.12,11,2019,negative
itmg,7.26,10,2019,positive
itmg,-4.62,9,2019,negative
itmg,-22.73,8,2019,negative
itmg,-4.13,7,2019,negative
itmg,0.14,6,2019,positive
itmg,-8.84,5,2019,negative
itmg,-19.64,4,2019,negative
itmg,11.93,3,2019,positive
itmg,-6.25,2,2019,negative
itmg,12.59,1,2019,positive
itmg,-4.71,12,2018,negative
itmg,-14.66,11,2018,negative
itmg,-3.68,10,2018,negative
itmg,-8.66,9,2018,negative
itmg,-0.61,8,2018,negative
itmg,27.26,7,2018,positive
itmg,-13.36,6,2018,negative
itmg,9.20,5,2018,positive
itmg,-17.02,4,2018,negative
itmg,-7.47,3,2018,negative
itmg,1.65,2,2018,positive
itmg,46.38,1,2018,positive
itmg,-2.13,12,2017,negative
itmg,-4.73,11,2017,negative
itmg,9.63,10,2017,positive
itmg,4.11,9,2017,positive
itmg,-2.75,8,2017,negative
itmg,15.61,7,2017,positive
itmg,13.82,6,2017,positive
itmg,-20.52,5,2017,negative
itmg,-5.32,4,2017,negative
itmg,14.77,3,2017,positive
itmg,17.33,2,2017,positive
inkp,6.91,9,2022,positive
inkp,9.54,8,2022,positive
inkp,0.00,7,2022,positive
inkp,-7.88,6,2022,negative
inkp,8.91,5,2022,positive
inkp,-4.11,4,2022,negative
inkp,-2.17,3,2022,negative
inkp,6.25,2,2022,positive
inkp,-2.88,1,2022,negative
inkp,3.64,12,2021,positive
inkp,-10.91,11,2021,negative
inkp,-1.17,10,2021,negative
inkp,8.54,9,2021,positive
inkp,16.18,8,2021,positive
inkp,-8.72,7,2021,negative
inkp,-12.35,6,2021,negative
inkp,-6.59,5,2021,negative
inkp,-12.92,4,2021,negative
inkp,-20.68,3,2021,negative
inkp,2.13,2,2021,positive
inkp,23.74,1,2021,positive
inkp,20.17,12,2020,positive
inkp,-4.93,11,2020,negative
inkp,1.67,10,2020,positive
inkp,-3.49,9,2020,negative
inkp,19.23,8,2020,positive
inkp,30.54,7,2020,positive
inkp,13.81,6,2020,positive
inkp,-5.41,5,2020,negative
inkp,38.40,4,2020,positive
inkp,-28.71,3,2020,negative
inkp,-16.67,2,2020,negative
inkp,-12.34,1,2020,negative
inkp,13.24,12,2019,positive
inkp,-6.53,11,2019,negative
inkp,12.36,10,2019,positive
inkp,-5.47,9,2019,negative
inkp,-8.36,8,2019,negative
inkp,-20.27,7,2019,negative
inkp,20.97,6,2019,positive
inkp,4.73,5,2019,positive
inkp,-13.95,4,2019,negative
inkp,-22.00,3,2019,negative
inkp,-15.19,2,2019,negative
inkp,12.55,1,2019,positive
inkp,10.00,12,2018,positive
inkp,-17.49,11,2018,negative
inkp,-26.66,10,2018,negative
inkp,-9.16,9,2018,negative
inkp,-0.52,8,2018,negative
inkp,3.23,7,2018,positive
inkp,-0.53,6,2018,negative
inkp,41.67,5,2018,positive
inkp,20.00,4,2018,positive
inkp,2.33,3,2018,positive
inkp,14.67,2,2018,positive
inkp,73.61,1,2018,positive
inkp,3.35,12,2017,positive
inkp,-0.95,11,2017,negative
inkp,25.89,10,2017,positive
inkp,36.04,9,2017,positive
inkp,11.19,8,2017,positive
inkp,8.63,7,2017,positive
inkp,0.79,6,2017,positive
inkp,21.63,5,2017,positive
inkp,58.78,4,2017,positive
inkp,3.97,3,2017,positive
inkp,20.57,2,2017,positive
inkp,9.42,1,2017,positive
inkp,-2.05,12,2016,negative
inkp,-8.02,11,2016,negative
inkp,7.61,10,2016,positive
inkp,-5.29,9,2016,negative
inkp,-0.95,8,2016,negative
inkp,14.13,7,2016,positive
inkp,2.22,6,2016,positive
inkp,-10.00,5,2016,negative
icbp,3.01,9,2022,positive
icbp,-5.95,8,2022,negative
icbp,-7.59,7,2022,negative
icbp,11.37,6,2022,positive
icbp,12.46,5,2022,positive
icbp,3.74,4,2022,positive
icbp,-13.53,3,2022,negative
icbp,-2.58,2,2022,negative
icbp,0.29,1,2022,positive
icbp,2.96,12,2021,positive
icbp,-3.98,11,2021,negative
icbp,5.39,10,2021,positive
icbp,-0.89,9,2021,negative
icbp,3.69,8,2021,positive
icbp,-0.31,7,2021,negative
icbp,-0.61,6,2021,negative
icbp,-5.75,5,2021,negative
icbp,-5.43,4,2021,negative
icbp,7.29,3,2021,positive
icbp,-5.77,2,2021,negative
icbp,-4.96,1,2021,negative
icbp,-3.28,12,2020,negative
icbp,2.59,11,2020,positive
icbp,-4.22,10,2020,negative
icbp,-1.47,9,2020,negative
icbp,11.14,8,2020,positive
icbp,-1.60,7,2020,negative
icbp,14.72,6,2020,positive
icbp,-17.47,5,2020,negative
icbp,-3.42,4,2020,negative
icbp,-0.49,3,2020,negative
icbp,-9.67,2,2020,negative
icbp,2.02,1,2020,positive
icbp,-1.55,12,2019,negative
icbp,-2.58,11,2019,negative
icbp,-3.33,10,2019,negative
icbp,-0.21,9,2019,negative
icbp,12.62,8,2019,positive
icbp,5.42,7,2019,positive
icbp,3.57,6,2019,positive
icbp,0.77,5,2019,positive
icbp,4.29,4,2019,positive
icbp,-8.80,3,2019,negative
icbp,-5.10,2,2019,negative
icbp,3.11,1,2019,positive
icbp,6.09,12,2018,positive
icbp,10.36,11,2018,positive
icbp,1.13,10,2018,positive
icbp,1.73,9,2018,positive
icbp,-0.57,8,2018,negative
icbp,-1.41,7,2018,negative
icbp,1.72,6,2018,positive
icbp,0.29,5,2018,positive
icbp,4.83,4,2018,positive
icbp,-7.80,3,2018,negative
icbp,2.87,2,2018,positive
icbp,-1.97,1,2018,negative
icbp,5.33,12,2017,positive
icbp,-3.98,11,2017,negative
icbp,0.86,10,2017,positive
icbp,0.00,9,2017,positive
icbp,4.49,8,2017,positive
icbp,-5.11,7,2017,negative
icbp,1.15,6,2017,positive
icbp,-0.85,5,2017,negative
icbp,7.67,4,2017,positive
icbp,-2.10,3,2017,negative
icbp,-0.89,2,2017,negative
icbp,-2.04,1,2017,negative
icbp,-0.87,12,2016,negative
icbp,-7.98,11,2016,negative
icbp,-0.79,10,2016,negative
icbp,-5.01,9,2016,negative
icbp,15.99,8,2016,positive
icbp,-0.15,7,2016,negative
icbp,6.33,6,2016,positive
hrum,6.47,9,2022,positive
hrum,-7.86,8,2022,negative
hrum,19.42,7,2022,positive
hrum,-34.95,6,2022,negative
hrum,3.04,5,2022,positive
hrum,7.71,4,2022,positive
hrum,-12.83,3,2022,negative
hrum,15.53,2,2022,positive
hrum,2.91,1,2022,positive
hrum,12.23,12,2021,positive
hrum,20.66,11,2021,positive
hrum,-18.01,10,2021,negative
hrum,91.75,9,2021,positive
hrum,-15.65,8,2021,negative
hrum,13.30,7,2021,positive
hrum,-0.98,6,2021,negative
hrum,-0.49,5,2021,negative
hrum,5.53,4,2021,positive
hrum,-23.75,3,2021,negative
hrum,31.69,2,2021,positive
hrum,63.09,1,2021,positive
hrum,7.19,12,2020,positive
hrum,27.52,11,2020,positive
hrum,38.85,10,2020,positive
hrum,3.29,9,2020,positive
hrum,28.81,8,2020,positive
hrum,-0.84,7,2020,negative
hrum,-2.06,6,2020,negative
hrum,-3.19,5,2020,negative
hrum,-4.92,4,2020,negative
hrum,12.34,3,2020,positive
hrum,-11.99,2,2020,negative
hrum,1.14,1,2020,positive
hrum,0.38,12,2019,positive
hrum,-2.59,11,2019,negative
hrum,0.75,10,2019,positive
hrum,-4.96,9,2019,negative
hrum,6.42,8,2019,positive
hrum,-11.07,7,2019,negative
hrum,3.83,6,2019,positive
hrum,7.09,5,2019,positive
hrum,-5.63,4,2019,negative
hrum,-3.07,3,2019,negative
hrum,-16.29,2,2019,negative
hrum,25.00,1,2019,positive
hrum,2.56,12,2018,positive
hrum,-30.36,11,2018,negative
hrum,-18.33,10,2018,negative
hrum,-6.25,9,2018,negative
hrum,-11.72,8,2018,negative
hrum,16.94,7,2018,positive
hrum,-23.22,6,2018,negative
hrum,26.17,5,2018,positive
hrum,-5.88,4,2018,negative
hrum,-20.00,3,2018,negative
hrum,3.03,2,2018,positive
hrum,60.98,1,2018,positive
hrum,0.49,12,2017,positive
hrum,-13.19,11,2017,negative
hrum,9.81,10,2017,positive
hrum,-7.76,9,2017,negative
hrum,5.45,8,2017,positive
hrum,10.28,7,2017,positive
mdka,3.94,3,2016,positive
mdka,-5.33,2,2016,negative
mdka,-0.79,1,2016,negative
mdka,-0.26,12,2015,negative
mdka,1.07,11,2015,positive
mdka,-1.32,10,2015,negative
mdka,0.53,9,2015,positive
mdka,0.80,8,2015,positive
mdka,0.00,7,2015,positive
mdka,0.00,6,2015,positive
klbf,1.46,10,2016,positive
klbf,-4.46,9,2016,negative
klbf,7.16,8,2016,positive
klbf,9.48,7,2016,positive
klbf,6.99,6,2016,positive
klbf,4.00,5,2016,positive
klbf,-4.84,4,2016,negative
klbf,11.15,3,2016,positive
klbf,-2.62,2,2016,negative
klbf,1.14,1,2016,positive
klbf,-1.12,12,2015,negative
klbf,-6.64,11,2015,negative
klbf,4.00,10,2015,positive
klbf,-17.91,9,2015,negative
klbf,-4.01,8,2015,negative
klbf,4.18,7,2015,positive
klbf,-8.97,6,2015,negative
klbf,2.51,5,2015,positive
klbf,-3.75,4,2015,negative
klbf,3.32,3,2015,positive
klbf,-3.22,2,2015,negative
klbf,1.91,1,2015,positive
klbf,4.57,12,2014,positive
klbf,2.64,11,2014,positive
klbf,0.29,10,2014,positive
klbf,2.41,9,2014,positive
klbf,-4.05,8,2014,negative
klbf,4.22,7,2014,positive
klbf,7.79,6,2014,positive
klbf,-0.32,5,2014,negative
klbf,5.46,4,2014,positive
klbf,1.03,3,2014,positive
klbf,3.20,2,2014,positive
klbf,12.40,1,2014,positive
klbf,2.46,12,2013,positive
klbf,-6.15,11,2013,negative
klbf,10.17,10,2013,positive
klbf,-12.59,9,2013,negative
klbf,-5.59,8,2013,negative
klbf,-0.69,7,2013,negative
klbf,-0.69,6,2013,negative
klbf,4.32,5,2013,positive
klbf,12.10,4,2013,positive
klbf,-3.88,3,2013,negative
klbf,18.35,2,2013,positive
klbf,2.83,1,2013,positive
inco,-16.57,12,2016,negative
inco,24.26,11,2016,positive
inco,-7.80,10,2016,negative
inco,11.74,9,2016,positive
inco,3.12,8,2016,positive
inco,40.66,7,2016,positive
inco,9.97,6,2016,positive
inco,-11.02,5,2016,negative
inco,6.29,4,2016,positive
inco,14.01,3,2016,positive
inco,6.23,2,2016,positive
inco,-11.62,1,2016,negative
inco,-0.61,12,2015,negative
inco,-26.40,11,2015,negative
inco,2.29,10,2015,positive
inco,41.42,9,2015,positive
inco,-21.17,8,2015,negative
inco,-27.68,7,2015,negative
inco,-13.14,6,2015,negative
inco,11.63,5,2015,positive
inco,-13.60,4,2015,negative
inco,-8.23,3,2015,negative
inco,2.17,2,2015,positive
inco,-4.83,1,2015,negative
inco,-9.03,12,2014,negative
inco,5.15,11,2014,positive
inco,1.07,10,2014,positive
inco,-10.29,9,2014,negative
inco,3.85,8,2014,positive
inco,13.22,7,2014,positive
inco,-9.20,6,2014,negative
inco,10.28,5,2014,positive
inco,25.89,4,2014,positive
inco,17.99,3,2014,positive
inco,3.69,2,2014,positive
inco,-13.02,1,2014,negative
inco,10.42,12,2013,positive
inco,-3.03,11,2013,negative
inco,10.00,10,2013,positive
inco,-2.17,9,2013,negative
inco,29.94,8,2013,positive
inco,-12.59,7,2013,negative
inco,-20.59,6,2013,negative
inco,-10.53,5,2013,negative
inco,20.00,4,2013,positive
inco,-12.04,3,2013,negative
inco,-1.82,2,2013,negative
inco,17.02,1,2013,positive
indf,4.10,12,2017,positive
indf,-10.67,11,2017,negative
indf,-2.67,10,2017,negative
indf,0.60,9,2017,positive
indf,0.00,8,2017,positive
indf,-2.62,7,2017,negative
indf,-1.71,6,2017,negative
indf,4.48,5,2017,positive
indf,4.69,4,2017,positive
indf,-1.54,3,2017,negative
indf,2.52,2,2017,positive
indf,0.00,1,2017,positive
indf,4.62,12,2016,positive
indf,-10.88,11,2016,negative
indf,-2.30,10,2016,negative
indf,9.78,9,2016,positive
indf,-4.80,8,2016,negative
indf,14.83,7,2016,positive
indf,4.69,6,2016,positive
indf,-2.81,5,2016,negative
indf,-1.38,4,2016,negative
indf,2.48,3,2016,positive
indf,13.71,2,2016,positive
indf,19.81,1,2016,positive
indf,6.15,12,2015,positive
indf,-11.76,11,2015,negative
indf,0.45,10,2015,positive
indf,3.77,9,2015,positive
indf,-13.11,8,2015,negative
indf,-7.22,7,2015,negative
indf,-9.93,6,2015,negative
indf,8.15,5,2015,positive
indf,-9.40,4,2015,negative
indf,0.68,3,2015,positive
indf,-1.99,2,2015,negative
indf,11.85,1,2015,positive
indf,0.75,12,2014,positive
indf,-1.83,11,2014,negative
indf,-2.50,10,2014,negative
indf,1.82,9,2014,positive
indf,-2.83,8,2014,negative
indf,5.60,7,2014,positive
indf,-1.83,6,2014,negative
indf,-3.19,5,2014,negative
indf,-3.42,4,2014,negative
indf,1.74,3,2014,positive
indf,2.87,2,2014,positive
indf,5.68,1,2014,positive
indf,-0.75,12,2013,negative
indf,0.00,11,2013,positive
indf,-5.67,10,2013,negative
indf,8.46,9,2013,positive
indf,0.00,8,2013,positive
indf,-11.56,7,2013,negative
indf,0.00,6,2013,positive
indf,0.00,5,2013,positive
indf,-1.34,4,2013,negative
indf,2.05,3,2013,positive
indf,20.66,2,2013,positive
indf,3.42,1,2013,positive
itmg,-11.11,1,2017,negative
itmg,5.47,12,2016,positive
itmg,11.69,11,2016,positive
itmg,31.42,10,2016,positive
itmg,-4.18,9,2016,negative
itmg,-9.54,8,2016,negative
itmg,34.13,7,2016,positive
itmg,7.14,6,2016,positive
itmg,12.18,5,2016,positive
itmg,17.74,4,2016,positive
itmg,-1.85,3,2016,negative
itmg,40.33,2,2016,positive
itmg,-15.98,1,2016,negative
itmg,-15.19,12,2015,negative
itmg,-20.35,11,2015,negative
itmg,-14.18,10,2015,negative
itmg,5.61,9,2015,positive
itmg,-3.86,8,2015,negative
itmg,-24.32,7,2015,negative
itmg,-4.81,6,2015,negative
itmg,7.14,5,2015,positive
itmg,-25.44,4,2015,negative
itmg,0.00,3,2015,positive
itmg,0.90,2,2015,positive
itmg,8.94,1,2015,positive
itmg,-19.19,12,2014,negative
itmg,-10.15,11,2014,negative
itmg,-18.48,10,2014,negative
itmg,-7.81,9,2014,negative
itmg,7.74,8,2014,positive
itmg,-3.15,7,2014,negative
itmg,-5.76,6,2014,negative
itmg,12.46,5,2014,positive
itmg,4.62,4,2014,positive
itmg,-6.35,3,2014,negative
itmg,-2.99,2,2014,negative
itmg,-5.96,1,2014,negative
itmg,-0.70,12,2013,negative
itmg,-4.01,11,2013,negative
itmg,13.69,10,2013,positive
itmg,-17.94,9,2013,negative
itmg,32.44,8,2013,positive
itmg,-14.03,7,2013,negative
itmg,-6.17,6,2013,negative
itmg,-18.37,5,2013,negative
itmg,3.52,4,2013,positive
itmg,-11.80,3,2013,negative
itmg,-2.90,2,2013,negative
itmg,-0.24,1,2013,negative
inkp,4.17,4,2016,positive
inkp,8.47,3,2016,positive
inkp,-5.35,2,2016,negative
inkp,-2.09,1,2016,negative
inkp,0.53,12,2015,positive
inkp,15.15,11,2015,positive
inkp,4.43,10,2015,positive
inkp,1.28,9,2015,positive
inkp,-18.75,8,2015,negative
inkp,7.26,7,2015,positive
inkp,-10.50,6,2015,negative
inkp,-10.71,5,2015,negative
inkp,12.56,4,2015,positive
inkp,6.99,3,2015,positive
inkp,-14.68,2,2015,negative
inkp,4.31,1,2015,positive
inkp,-11.06,12,2014,negative
inkp,2.17,11,2014,positive
inkp,9.00,10,2014,positive
inkp,-21.27,9,2014,negative
inkp,-2.19,8,2014,negative
inkp,2.24,7,2014,positive
inkp,-3.94,6,2014,negative
inkp,3.33,5,2014,positive
inkp,-9.40,4,2014,negative
inkp,8.76,3,2014,positive
inkp,6.61,2,2014,positive
inkp,-8.21,1,2014,negative
inkp,-8.50,12,2013,negative
inkp,-0.65,11,2013,negative
inkp,27.27,10,2013,positive
inkp,11.01,9,2013,positive
inkp,4.81,8,2013,positive
inkp,-7.14,7,2013,negative
inkp,-32.93,6,2013,negative
inkp,91.95,5,2013,positive
inkp,-1.14,4,2013,negative
inkp,-2.22,3,2013,negative
inkp,25.00,2,2013,positive
inkp,5.88,1,2013,positive
icbp,6.05,5,2016,positive
icbp,0.50,4,2016,positive
icbp,-3.49,3,2016,negative
icbp,9.00,2,2016,positive
icbp,7.23,1,2016,positive
icbp,6.73,12,2015,positive
icbp,-4.35,11,2015,negative
icbp,6.45,10,2015,positive
icbp,-2.75,9,2015,negative
icbp,3.66,8,2015,positive
icbp,-1.41,7,2015,negative
icbp,-11.52,6,2015,negative
icbp,6.82,5,2015,positive
icbp,-10.06,4,2015,negative
icbp,2.63,3,2015,positive
icbp,-1.38,2,2015,negative
icbp,10.69,1,2015,positive
icbp,16.44,12,2014,positive
icbp,1.81,11,2014,positive
icbp,-2.64,10,2014,negative
icbp,8.10,9,2014,positive
icbp,0.48,8,2014,positive
icbp,4.50,7,2014,positive
icbp,-1.96,6,2014,negative
icbp,2.00,5,2014,positive
icbp,-0.99,4,2014,negative
icbp,-9.63,3,2014,negative
icbp,1.60,2,2014,positive
icbp,7.84,1,2014,positive
icbp,2.00,12,2013,positive
icbp,-10.71,11,2013,negative
icbp,9.27,10,2013,positive
icbp,2.50,9,2013,positive
icbp,-10.71,8,2013,negative
icbp,-8.20,7,2013,negative
icbp,-6.87,6,2013,negative
icbp,14.41,5,2013,positive
icbp,19.27,4,2013,positive
icbp,12.94,3,2013,positive
icbp,6.25,2,2013,positive
icbp,2.56,1,2013,positive
hrum,-5.45,6,2017,negative
hrum,-17.90,5,2017,negative
hrum,5.33,4,2017,positive
hrum,11.93,3,2017,positive
hrum,-0.91,2,2017,negative
hrum,2.80,1,2017,positive
hrum,-0.93,12,2016,negative
hrum,8.82,11,2016,positive
hrum,89.95,10,2016,positive
hrum,-0.48,9,2016,negative
hrum,-8.30,8,2016,negative
hrum,39.63,7,2016,positive
hrum,2.50,6,2016,positive
hrum,-11.60,5,2016,negative
hrum,2.84,4,2016,positive
hrum,23.94,3,2016,positive
hrum,14.52,2,2016,positive
hrum,-8.15,1,2016,negative
hrum,-2.17,12,2015,negative
hrum,-18.34,11,2015,negative
hrum,0.00,10,2015,positive
hrum,-9.63,9,2015,negative
hrum,-6.03,8,2015,negative
hrum,-9.95,7,2015,negative
hrum,-5.56,6,2015,negative
hrum,-2.09,5,2015,negative
hrum,-20.33,4,2015,negative
hrum,-9.37,3,2015,negative
hrum,8.88,2,2015,positive
hrum,-8.43,1,2015,negative
hrum,-1.19,12,2014,negative
hrum,6.33,11,2014,positive
hrum,-22.74,10,2014,negative
hrum,-4.88,9,2014,negative
hrum,1.90,8,2014,positive
hrum,-9.25,7,2014,negative
hrum,-4.12,6,2014,negative
hrum,2.75,5,2014,positive
hrum,8.01,4,2014,positive
hrum,-8.96,3,2014,negative
hrum,0.21,2,2014,positive
hrum,-12.91,1,2014,negative
hrum,-16.67,12,2013,negative
hrum,4.76,11,2013,positive
hrum,16.67,10,2013,positive
hrum,-16.28,9,2013,negative
hrum,24.04,8,2013,positive
hrum,-14.05,7,2013,negative
hrum,-22.93,6,2013,negative
hrum,-5.42,5,2013,negative
hrum,-13.54,4,2013,negative
hrum,-12.73,3,2013,negative
hrum,-8.33,2,2013,negative
hrum,0.00,1,2013,positive
cpin,0.43,9,2022,positive
cpin,4.91,8,2022,positive
cpin,-6.67,7,2022,negative
cpin,11.11,6,2022,positive
cpin,4.85,5,2022,positive
cpin,-8.85,4,2022,negative
cpin,-2.59,3,2022,negative
cpin,-7.94,2,2022,negative
cpin,5.88,1,2022,positive
cpin,-2.06,12,2021,negative
cpin,-2.02,11,2021,negative
cpin,-3.50,10,2021,negative
cpin,0.39,9,2021,positive
cpin,4.49,8,2021,positive
cpin,-2.00,7,2021,negative
cpin,-7.41,6,2021,negative
cpin,-4.26,5,2021,negative
cpin,0.71,4,2021,positive
cpin,13.82,3,2021,positive
cpin,6.96,2,2021,positive
cpin,-11.88,1,2021,negative
cpin,7.41,12,2020,positive
cpin,3.85,11,2020,positive
cpin,3.08,10,2020,positive
cpin,-9.92,9,2020,negative
cpin,1.20,8,2020,positive
cpin,11.66,7,2020,positive
cpin,-3.46,6,2020,negative
cpin,25.54,5,2020,positive
cpin,-6.88,4,2020,negative
cpin,-13.33,3,2020,negative
cpin,-14.29,2,2020,negative
cpin,2.31,1,2020,positive
cpin,-3.35,12,2019,negative
cpin,6.75,11,2019,positive
cpin,17.76,10,2019,positive
cpin,6.47,9,2019,positive
cpin,-6.51,8,2019,negative
cpin,13.64,7,2019,positive
cpin,-3.47,6,2019,negative
cpin,-7.11,5,2019,negative
cpin,-17.58,4,2019,negative
cpin,-12.33,3,2019,negative
cpin,-1.35,2,2019,negative
cpin,2.42,1,2019,positive
cpin,21.43,12,2018,positive
cpin,8.18,11,2018,positive
cpin,8.37,10,2018,positive
cpin,1.91,9,2018,positive
cpin,10.18,8,2018,positive
cpin,22.83,7,2018,positive
cpin,0.00,6,2018,positive
cpin,0.00,5,2018,positive
cpin,6.67,4,2018,positive
cpin,0.29,3,2018,positive
cpin,-0.29,2,2018,negative
cpin,15.00,1,2018,positive
cpin,2.74,12,2017,positive
cpin,-11.52,11,2017,negative
cpin,20.44,10,2017,positive
cpin,-1.08,9,2017,negative
cpin,3.75,8,2017,positive
cpin,-16.04,7,2017,negative
cpin,0.32,6,2017,positive
cpin,-0.63,5,2017,negative
cpin,-0.31,4,2017,negative
cpin,3.23,3,2017,positive
cpin,0.00,2,2017,positive
cpin,0.32,1,2017,positive
cpin,-1.90,12,2016,negative
cpin,-14.86,11,2016,negative
cpin,5.71,10,2016,positive
cpin,-6.17,9,2016,negative
cpin,-0.53,8,2016,negative
cpin,0.00,7,2016,positive
cpin,7.14,6,2016,positive
cpin,-5.79,5,2016,negative
cpin,3.48,4,2016,positive
cpin,6.21,3,2016,positive
cpin,1.05,2,2016,positive
cpin,28.65,1,2016,positive
cpin,-17.85,12,2015,negative
cpin,26.60,11,2015,positive
cpin,25.00,10,2015,positive
cpin,6.95,9,2015,positive
cpin,-26.23,8,2015,negative
cpin,-7.82,7,2015,negative
goto,-6.62,9,2022,negative
goto,2.03,8,2022,positive
goto,-23.71,7,2022,negative
goto,27.63,6,2022,positive
goto,11.76,5,2022,positive
goto,0.00,4,2022,positive
emtk,-4.45,9,2022,negative
emtk,1.87,8,2022,positive
emtk,16.82,7,2022,positive
emtk,-16.19,6,2022,negative
emtk,-35.95,5,2022,negative
emtk,22.04,4,2022,positive
emtk,18.36,3,2022,positive
emtk,15.32,2,2022,positive
emtk,-21.27,1,2022,negative
emtk,18.44,12,2021,positive
emtk,0.00,11,2021,positive
emtk,10.63,10,2021,positive
emtk,-19.82,9,2021,negative
emtk,-21.09,8,2021,negative
emtk,10.00,7,2021,positive
emtk,6.38,6,2021,positive
emtk,4.91,5,2021,positive
emtk,-1.32,4,2021,negative
emtk,7.58,3,2021,positive
emtk,11.05,2,2021,positive
emtk,35.71,1,2021,positive
emtk,68.07,12,2020,positive
emtk,4.13,11,2020,positive
emtk,6.67,10,2020,positive
emtk,37.61,9,2020,positive
emtk,21.11,8,2020,positive
emtk,-8.16,7,2020,negative
emtk,-1.80,6,2020,negative
emtk,-10.89,5,2020,negative
emtk,12.00,4,2020,positive
emtk,-0.60,3,2020,negative
emtk,-9.86,2,2020,negative
emtk,0.00,1,2020,positive
emtk,-0.36,12,2019,negative
emtk,-7.13,11,2019,negative
emtk,10.64,10,2019,positive
emtk,-21.58,9,2019,negative
emtk,-4.53,8,2019,negative
emtk,-5.45,7,2019,negative
emtk,-2.53,6,2019,negative
emtk,-4.24,5,2019,negative
emtk,3.12,4,2019,positive
emtk,-5.33,3,2019,negative
emtk,-2.87,2,2019,negative
emtk,3.57,1,2019,positive
emtk,-4.87,12,2018,negative
emtk,3.27,11,2018,positive
emtk,-3.39,10,2018,negative
emtk,0.00,9,2018,positive
emtk,-0.56,8,2018,negative
emtk,-0.56,7,2018,negative
emtk,0.00,6,2018,positive
emtk,-0.33,5,2018,negative
emtk,4.66,4,2018,positive
emtk,-1.72,3,2018,negative
emtk,-15.90,2,2018,negative
emtk,9.26,1,2018,positive
emtk,4.40,12,2017,positive
emtk,10.98,11,2017,positive
emtk,-19.61,10,2017,negative
emtk,9.68,9,2017,positive
emtk,-19.13,8,2017,negative
emtk,0.00,7,2017,positive
emtk,5.50,6,2017,positive
emtk,9.00,5,2017,positive
emtk,13.64,4,2017,positive
emtk,-0.56,3,2017,negative
emtk,-2.75,2,2017,negative
emtk,-8.82,1,2017,negative
emtk,21.71,12,2016,positive
emtk,-6.82,11,2016,negative
emtk,-8.81,10,2016,negative
emtk,7.22,9,2016,positive
emtk,-7.22,8,2016,negative
emtk,-1.02,7,2016,negative
emtk,6.18,6,2016,positive
emtk,2.56,5,2016,positive
emtk,-4.76,4,2016,negative
emtk,-0.53,3,2016,negative
emtk,0.00,2,2016,positive
emtk,-7.77,1,2016,negative
emtk,4.04,12,2015,positive
emtk,-1.00,11,2015,negative
buka,-7.33,9,2022,negative
buka,2.04,8,2022,positive
buka,4.26,7,2022,positive
buka,-4.08,6,2022,negative
buka,-23.04,5,2022,negative
buka,0.00,4,2022,positive
buka,13.02,3,2022,positive
buka,-5.06,2,2022,negative
buka,-17.21,1,2022,negative
buka,-21.10,12,2021,negative
buka,-21.58,11,2021,negative
buka,-19.19,10,2021,negative
buka,-8.99,9,2021,negative
buka,0.00,8,2021,positive
brpt,1.83,9,2022,positive
brpt,-8.89,8,2022,negative
brpt,19.21,7,2022,positive
brpt,-9.58,6,2022,negative
brpt,-1.76,5,2022,negative
brpt,-6.08,4,2022,negative
brpt,1.69,3,2022,positive
brpt,0.00,2,2022,positive
brpt,4.09,1,2022,positive
brpt,-7.07,12,2021,negative
brpt,-1.60,11,2021,negative
brpt,-3.11,10,2021,negative
brpt,-9.39,9,2021,negative
brpt,9.79,8,2021,positive
brpt,13.45,7,2021,positive
brpt,-5.00,6,2021,negative
brpt,-10.00,5,2021,negative
brpt,4.17,4,2021,positive
brpt,-12.73,3,2021,negative
brpt,24.29,2,2021,positive
brpt,-19.55,1,2021,negative
brpt,4.76,12,2020,positive
brpt,16.67,11,2020,positive
brpt,13.92,10,2020,positive
brpt,-5.95,9,2020,negative
brpt,-11.58,8,2020,negative
brpt,-18.10,7,2020,negative
brpt,-14.07,6,2020,negative
brpt,-6.90,5,2020,negative
brpt,100.00,4,2020,positive
brpt,-26.40,3,2020,negative
brpt,-24.52,2,2020,negative
brpt,-13.58,1,2020,negative
brpt,11.03,12,2019,positive
brpt,43.16,11,2019,positive
brpt,-4.04,10,2019,negative
brpt,9.39,9,2019,positive
brpt,16.62,8,2019,positive
brpt,20.87,7,2019,positive
brpt,-2.73,6,2019,negative
brpt,-18.11,5,2019,negative
brpt,12.26,4,2019,positive
brpt,19.67,3,2019,positive
brpt,14.94,2,2019,positive
brpt,9.21,1,2019,positive
brpt,13.27,12,2018,positive
brpt,12.53,11,2018,positive
brpt,1.90,10,2018,positive
brpt,7.29,9,2018,positive
brpt,-5.51,8,2018,negative
brpt,-8.33,7,2018,negative
brpt,-6.60,6,2018,negative
brpt,-14.17,5,2018,negative
brpt,6.93,4,2018,positive
brpt,-11.83,3,2018,negative
brpt,-0.76,2,2018,negative
brpt,16.81,1,2018,positive
brpt,-0.44,12,2017,negative
brpt,12.38,11,2017,positive
brpt,1.25,10,2017,positive
brpt,1.01,9,2017,positive
brpt,18.62,8,2017,positive
brpt,13.65,7,2017,positive
brpt,-9.29,6,2017,negative
brpt,2.54,5,2017,positive
brpt,8.62,4,2017,positive
brpt,30.63,3,2017,positive
brpt,22.65,2,2017,positive
brpt,23.13,1,2017,positive
brpt,-6.37,12,2016,negative
brpt,10.56,11,2016,positive
brpt,44.90,10,2016,positive
brpt,-9.26,9,2016,negative
brpt,66.15,8,2016,positive
brpt,35.42,7,2016,positive
brpt,0.00,6,2016,positive
brpt,-7.69,5,2016,negative
brpt,10.64,4,2016,positive
brpt,20.51,3,2016,positive
brpt,85.71,2,2016,positive
brpt,61.54,1,2016,positive
brpt,0.00,12,2015,positive
brpt,0.00,11,2015,positive
brpt,0.00,10,2015,positive
brpt,-18.75,9,2015,negative
brpt,-27.27,8,2015,negative
brpt,-8.33,7,2015,negative
brpt,-14.29,6,2015,negative
bmri,0.28,9,2022,positive
bmri,6.95,8,2022,positive
bmri,4.42,7,2022,positive
bmri,-6.76,6,2022,negative
bmri,-5.03,5,2022,negative
bmri,13.29,4,2022,positive
bmri,2.60,3,2022,positive
bmri,3.01,2,2022,positive
bmri,6.41,1,2022,positive
bmri,0.36,12,2021,positive
bmri,-2.44,11,2021,negative
bmri,16.67,10,2021,positive
bmri,0.82,9,2021,positive
bmri,7.02,8,2021,positive
bmri,-3.39,7,2021,negative
bmri,-1.67,6,2021,negative
bmri,-2.83,5,2021,negative
bmri,0.41,4,2021,positive
bmri,0.00,3,2021,positive
bmri,-6.46,2,2021,negative
bmri,3.95,1,2021,positive
bmri,0.00,12,2020,positive
bmri,9.52,11,2020,positive
bmri,16.43,10,2020,positive
bmri,-16.64,9,2020,negative
bmri,2.59,8,2020,positive
bmri,17.17,7,2020,positive
bmri,10.74,6,2020,positive
bmri,0.22,5,2020,positive
bmri,-4.70,4,2020,negative
bmri,-35.67,3,2020,negative
bmri,-3.64,2,2020,negative
bmri,-1.63,1,2020,negative
bmri,10.04,12,2019,positive
bmri,-0.71,11,2019,negative
bmri,0.72,10,2019,positive
bmri,-3.79,9,2019,negative
bmri,-9.09,8,2019,negative
bmri,-0.62,7,2019,negative
bmri,4.56,6,2019,positive
bmri,-0.65,5,2019,negative
bmri,3.69,4,2019,positive
bmri,4.56,3,2019,positive
bmri,-4.36,2,2019,negative
bmri,1.02,1,2019,positive
bmri,-0.34,12,2018,negative
bmri,8.03,11,2018,positive
bmri,1.86,10,2018,positive
bmri,-2.54,9,2018,negative
bmri,3.76,8,2018,positive
bmri,-2.92,7,2018,negative
bmri,-2.84,6,2018,negative
bmri,-1.05,5,2018,negative
bmri,-7.17,4,2018,negative
bmri,-7.53,3,2018,negative
bmri,1.84,2,2018,positive
bmri,1.88,1,2018,positive
bmri,8.11,12,2017,positive
bmri,4.96,11,2017,positive
bmri,4.83,10,2017,positive
bmri,2.67,9,2017,positive
bmri,-4.03,8,2017,negative
bmri,7.06,7,2017,positive
bmri,1.19,6,2017,positive
bmri,7.69,5,2017,positive
bmri,0.00,4,2017,positive
bmri,3.54,3,2017,positive
bmri,3.67,2,2017,positive
bmri,-5.84,1,2017,negative
bmri,10.25,12,2016,positive
bmri,-8.50,11,2016,negative
bmri,2.46,10,2016,positive
bmri,-0.23,9,2016,negative
bmri,11.15,8,2016,positive
bmri,6.03,7,2016,positive
bmri,5.54,6,2016,positive
bmri,-6.47,5,2016,negative
bmri,-6.31,4,2016,negative
bmri,7.85,3,2016,positive
bmri,-0.52,2,2016,negative
bmri,3.78,1,2016,positive
bmri,8.82,12,2015,positive
bmri,-2.30,11,2015,negative
bmri,9.77,10,2015,positive
bbri,2.76,9,2022,positive
bbri,-0.46,8,2022,negative
bbri,5.06,7,2022,positive
bbri,-10.37,6,2022,negative
bbri,-4.93,5,2022,negative
bbri,4.51,4,2022,positive
bbri,2.42,3,2022,positive
bbri,11.79,2,2022,positive
bbri,-0.97,1,2022,negative
bbri,0.49,12,2021,positive
bbri,-3.76,11,2021,negative
bbri,10.39,10,2021,positive
bbri,0.42,9,2021,positive
bbri,5.94,8,2021,positive
bbri,-5.85,7,2021,negative
bbri,-7.51,6,2021,negative
bbri,5.19,5,2021,positive
bbri,-7.97,4,2021,negative
bbri,-6.57,3,2021,negative
bbri,12.68,2,2021,positive
bbri,0.25,1,2021,positive
bbri,1.95,12,2020,positive
bbri,21.72,11,2020,positive
bbri,10.52,10,2020,positive
bbri,-13.38,9,2020,negative
bbri,11.06,8,2020,positive
bbri,4.30,7,2020,positive
bbri,2.71,6,2020,positive
bbri,8.07,5,2020,positive
bbri,-9.61,4,2020,negative
bbri,-27.94,3,2020,negative
bbri,-6.04,2,2020,negative
bbri,1.35,1,2020,positive
bbri,7.59,12,2019,positive
bbri,-2.85,11,2019,negative
bbri,2.19,10,2019,positive
bbri,-3.53,9,2019,negative
bbri,-4.69,8,2019,negative
bbri,2.75,7,2019,positive
bbri,6.35,6,2019,positive
bbri,-6.17,5,2019,negative
bbri,6.07,4,2019,positive
bbri,7.00,3,2019,positive
bbri,0.00,2,2019,positive
bbri,5.18,1,2019,positive
bbri,1.10,12,2018,positive
bbri,14.94,11,2018,positive
bbri,0.00,10,2018,positive
bbri,-0.93,9,2018,negative
bbri,3.57,8,2018,positive
bbri,8.08,7,2018,positive
bbri,-7.79,6,2018,negative
bbri,-4.33,5,2018,negative
bbri,-10.56,4,2018,negative
bbri,-4.77,3,2018,negative
bbri,2.16,2,2018,positive
bbri,1.66,1,2018,positive
bbri,13.38,12,2017,positive
bbri,2.89,11,2017,positive
bbri,2.15,10,2017,positive
bbri,0.98,9,2017,positive
bbri,2.36,8,2017,positive
bbri,-3.12,7,2017,negative
bbri,5.38,6,2017,positive
bbri,12.20,5,2017,positive
bbri,-0.59,4,2017,negative
bbri,8.58,3,2017,positive
bbri,1.92,2,2017,positive
bbri,0.44,1,2017,positive
bbri,7.10,12,2016,positive
bbri,-10.63,11,2016,negative
bbri,0.00,10,2016,positive
bbri,4.71,9,2016,positive
bbri,1.07,8,2016,positive
bbri,6.74,7,2016,positive
bbri,4.36,6,2016,positive
bbri,0.00,5,2016,positive
bbri,-9.42,4,2016,negative
bbri,3.15,3,2016,positive
bbri,-1.32,2,2016,negative
bbri,-1.75,1,2016,negative
bbri,6.04,12,2015,positive
bbri,2.34,11,2015,positive
cpin,-12.42,6,2015,negative
cpin,10.76,5,2015,positive
cpin,-20.03,4,2015,negative
cpin,-6.34,3,2015,negative
cpin,-4.30,2,2015,negative
cpin,4.63,1,2015,positive
cpin,-8.03,12,2014,negative
cpin,-2.14,11,2014,negative
cpin,-0.94,10,2014,negative
cpin,10.27,9,2014,positive
cpin,-2.66,8,2014,negative
cpin,4.77,7,2014,positive
cpin,-0.13,6,2014,negative
cpin,0.13,5,2014,positive
cpin,-5.63,4,2014,negative
cpin,-5.67,3,2014,negative
cpin,2.42,2,2014,positive
cpin,22.52,1,2014,positive
cpin,-0.74,12,2013,negative
cpin,-12.82,11,2013,negative
cpin,14.71,10,2013,positive
cpin,0.74,9,2013,positive
cpin,-21.51,8,2013,negative
cpin,-16.50,7,2013,negative
cpin,4.04,6,2013,positive
cpin,-1.98,5,2013,negative
cpin,0.00,4,2013,positive
cpin,14.77,3,2013,positive
cpin,13.55,2,2013,positive
cpin,6.16,1,2013,positive
emtk,-9.09,10,2015,negative
emtk,4.76,9,2015,positive
emtk,-9.48,8,2015,negative
emtk,4.50,7,2015,positive
emtk,-2.89,6,2015,negative
emtk,-1.47,5,2015,negative
emtk,-1.69,4,2015,negative
emtk,7.27,3,2015,positive
emtk,15.79,2,2015,positive
emtk,21.79,1,2015,positive
emtk,30.00,12,2014,positive
emtk,0.00,11,2014,positive
emtk,-4.76,10,2014,negative
emtk,-8.70,9,2014,negative
emtk,15.00,8,2014,positive
emtk,0.00,7,2014,positive
emtk,5.26,6,2014,positive
emtk,-16.18,5,2014,negative
emtk,18.26,4,2014,positive
emtk,0.00,3,2014,positive
emtk,3.60,2,2014,positive
emtk,0.00,1,2014,positive
emtk,0.91,12,2013,positive
emtk,0.92,11,2013,positive
emtk,0.93,10,2013,positive
emtk,0.00,9,2013,positive
emtk,-10.00,8,2013,negative
emtk,-8.40,7,2013,negative
emtk,2.34,6,2013,positive
emtk,4.07,5,2013,positive
emtk,1.65,4,2013,positive
emtk,8.04,3,2013,positive
emtk,37.25,2,2013,positive
emtk,4.62,1,2013,positive
brpt,3.70,5,2015,positive
brpt,-3.57,4,2015,negative
brpt,-6.67,3,2015,negative
brpt,-3.23,2,2015,negative
brpt,3.33,1,2015,positive
brpt,-3.23,12,2014,negative
brpt,14.81,11,2014,positive
brpt,0.00,10,2014,positive
brpt,-3.57,9,2014,negative
brpt,-3.45,8,2014,negative
brpt,-3.33,7,2014,negative
brpt,0.00,6,2014,positive
brpt,-6.25,5,2014,negative
brpt,-5.88,4,2014,negative
brpt,-5.56,3,2014,negative
brpt,-2.70,2,2014,negative
brpt,-9.76,1,2014,negative
brpt,-6.82,12,2013,negative
brpt,-8.33,11,2013,negative
brpt,-9.43,10,2013,negative
brpt,23.26,9,2013,positive
brpt,0.00,8,2013,positive
brpt,10.26,7,2013,positive
brpt,0.00,6,2013,positive
brpt,-4.88,5,2013,negative
brpt,-6.82,4,2013,negative
brpt,10.00,3,2013,positive
brpt,0.00,2,2013,positive
brpt,-4.76,1,2013,negative
bbni,0.59,9,2022,positive
bbni,8.60,8,2022,positive
bbni,0.00,7,2022,positive
bbni,-14.44,6,2022,negative
bbni,-0.54,5,2022,negative
bbni,11.82,4,2022,positive
bbni,3.12,3,2022,positive
bbni,9.22,2,2022,positive
bbni,8.52,1,2022,positive
bbni,-0.74,12,2021,negative
bbni,-2.86,11,2021,negative
bbni,30.23,10,2021,positive
bbni,-0.46,9,2021,negative
bbni,12.97,8,2021,positive
bbni,3.24,7,2021,positive
bbni,-14.26,6,2021,negative
bbni,-5.26,5,2021,negative
bbni,-0.44,4,2021,negative
bbni,-3.78,3,2021,negative
bbni,7.21,2,2021,positive
bbni,-10.12,1,2021,negative
bbni,2.92,12,2020,positive
bbni,26.58,11,2020,positive
bbni,6.76,10,2020,positive
bbni,-12.94,9,2020,negative
bbni,10.87,8,2020,positive
bbni,0.44,7,2020,positive
bbni,19.58,6,2020,positive
bbni,-6.59,5,2020,negative
bbni,7.33,4,2020,positive
bbni,-45.62,3,2020,negative
bbni,-2.43,2,2020,negative
bbni,-8.28,1,2020,negative
bbni,4.67,12,2019,positive
bbni,-2.28,11,2019,negative
bbni,4.42,10,2019,positive
bbni,-4.55,9,2019,negative
bbni,-9.14,8,2019,negative
bbni,-7.88,7,2019,negative
bbni,9.52,6,2019,positive
bbni,-12.50,5,2019,negative
bbni,2.13,4,2019,positive
bbni,6.82,3,2019,positive
bbni,-3.03,2,2019,negative
bbni,3.12,1,2019,positive
bbni,3.53,12,2018,positive
bbni,16.04,11,2018,positive
bbni,-1.01,10,2018,negative
bbni,-5.13,9,2018,negative
bbni,5.41,8,2018,positive
bbni,4.96,7,2018,positive
bbni,-16.81,6,2018,negative
bbni,5.28,5,2018,positive
bbni,-7.20,4,2018,negative
bbni,-10.80,3,2018,negative
bbni,3.46,2,2018,positive
bbni,-5.05,1,2018,negative
bbni,22.22,12,2017,positive
bbni,6.58,11,2017,positive
bbni,2.70,10,2017,positive
bbni,0.68,9,2017,positive
bbni,-1.34,8,2017,negative
bbni,12.88,7,2017,positive
bbni,0.76,6,2017,positive
bbni,2.75,5,2017,positive
bbni,-1.54,4,2017,negative
bbni,3.60,3,2017,positive
bbni,9.65,2,2017,positive
bbni,3.17,1,2017,positive
bbni,6.76,12,2016,positive
bbni,-7.17,11,2016,negative
bbni,0.45,10,2016,positive
bbni,-5.53,9,2016,negative
bbni,9.81,8,2016,positive
bbni,2.88,7,2016,positive
bbni,8.33,6,2016,positive
bbni,4.69,5,2016,positive
bbni,-11.83,4,2016,negative
bbni,2.46,3,2016,positive
bbni,3.36,2,2016,positive
bbni,-1.60,1,2016,negative
bbni,4.61,12,2015,positive
bbni,0.32,11,2015,positive
bbni,14.99,10,2015,positive
bbni,-16.46,9,2015,negative
bbni,3.99,8,2015,positive
bbni,-10.19,7,2015,negative
bmri,-12.90,9,2015,negative
bmri,-4.47,8,2015,negative
bmri,-5.21,7,2015,negative
bmri,-6.74,6,2015,negative
bmri,0.24,5,2015,positive
bmri,-13.83,4,2015,negative
bmri,3.97,3,2015,positive
bmri,9.09,2,2015,positive
bmri,2.08,1,2015,positive
bmri,2.38,12,2014,positive
bmri,1.70,11,2014,positive
bmri,2.72,10,2014,positive
bmri,-2.89,9,2014,negative
bmri,1.23,8,2014,positive
bmri,5.39,7,2014,positive
bmri,-4.42,6,2014,negative
bmri,3.56,5,2014,positive
bmri,3.98,4,2014,positive
bmri,3.85,3,2014,positive
bmri,4.60,2,2014,positive
bmri,10.83,1,2014,positive
bmri,2.61,12,2013,positive
bmri,-11.05,11,2013,negative
bmri,8.18,10,2013,positive
bmri,11.97,9,2013,positive
bmri,-20.22,8,2013,negative
bmri,-1.11,7,2013,negative
bmri,-7.22,6,2013,negative
bmri,-7.62,5,2013,negative
bmri,5.00,4,2013,positive
bmri,-0.50,3,2013,negative
bmri,11.05,2,2013,positive
bmri,11.73,1,2013,positive
bbri,21.68,10,2015,positive
bbri,-18.57,9,2015,negative
bbri,6.25,8,2015,positive
bbri,-3.37,7,2015,negative
bbri,-12.14,6,2015,negative
bbri,1.32,5,2015,positive
bbri,-12.43,4,2015,negative
bbri,3.11,3,2015,positive
bbri,10.27,2,2015,positive
bbri,0.22,1,2015,positive
bbri,1.07,12,2014,positive
bbri,4.07,11,2014,positive
bbri,6.24,10,2014,positive
bbri,-5.66,9,2014,negative
bbri,-1.33,8,2014,negative
bbri,8.44,7,2014,positive
bbri,1.26,6,2014,positive
bbri,3.00,5,2014,positive
bbri,3.43,4,2014,positive
bbri,3.20,3,2014,positive
bbri,11.45,2,2014,positive
bbri,14.77,1,2014,positive
bbri,-2.68,12,2013,negative
bbri,-5.65,11,2013,negative
bbri,8.90,10,2013,positive
bbri,9.86,9,2013,positive
bbri,-20.00,8,2013,negative
bbri,6.48,7,2013,positive
bbri,-12.95,6,2013,negative
bbri,-5.29,5,2013,negative
bbri,7.44,4,2013,positive
bbri,-7.43,3,2013,negative
bbri,18.89,2,2013,positive
bbri,14.38,1,2013,positive
bbni,-22.91,6,2015,negative
bbni,7.00,5,2015,positive
bbni,-11.07,4,2015,negative
bbni,5.09,3,2015,positive
bbni,10.00,2,2015,positive
bbni,2.46,1,2015,positive
bbni,1.24,12,2014,positive
bbni,1.26,11,2014,positive
bbni,7.69,10,2014,positive
bbni,3.27,9,2014,positive
bbni,4.90,8,2014,positive
bbni,7.03,7,2014,positive
bbni,-0.21,6,2014,negative
bbni,-0.83,5,2014,negative
bbni,-2.92,4,2014,negative
bbni,9.01,3,2014,positive
bbni,4.36,2,2014,positive
bbni,10.38,1,2014,positive
bbni,-3.66,12,2013,negative
bbni,-14.58,11,2013,negative
bbni,17.79,10,2013,positive
bbni,5.84,9,2013,positive
bbni,-9.94,8,2013,negative
bbni,-0.58,7,2013,negative
bbni,-11.79,6,2013,negative
bbni,-9.72,5,2013,negative
bbni,6.93,4,2013,positive
bbni,9.78,3,2013,positive
bbni,17.20,2,2013,positive
bbni,6.08,1,2013,positive
bbca,2.13,9,2022,positive
bbca,11.56,8,2022,positive
bbca,1.38,7,2022,positive
bbca,-6.45,6,2022,negative
bbca,-4.62,5,2022,negative
bbca,1.88,4,2022,positive
bbca,-0.93,3,2022,negative
bbca,5.57,2,2022,positive
bbca,4.45,1,2022,positive
bbca,0.34,12,2021,positive
bbca,-2.68,11,2021,negative
bbca,6.79,10,2021,positive
bbca,6.87,9,2021,positive
bbca,9.72,8,2021,positive
bbca,-0.91,7,2021,negative
bbca,-5.49,6,2021,negative
bbca,-0.47,5,2021,negative
bbca,3.06,4,2021,positive
bbca,-7.38,3,2021,negative
bbca,-0.74,2,2021,negative
bbca,-0.15,1,2021,negative
bbca,9.11,12,2020,positive
bbca,7.17,11,2020,positive
bbca,6.83,10,2020,positive
bbca,-13.63,9,2020,negative
bbca,0.56,8,2020,positive
bbca,9.57,7,2020,positive
bbca,9.73,6,2020,positive
bbca,0.39,5,2020,positive
bbca,-6.43,4,2020,negative
bbca,-12.16,3,2020,negative
bbca,-2.93,2,2020,negative
bbca,-3.07,1,2020,negative
bbca,6.45,12,2019,positive
bbca,-0.16,11,2019,negative
bbca,3.62,10,2019,positive
bbca,-0.49,9,2019,negative
bbca,-1.45,8,2019,negative
bbca,3.25,7,2019,positive
bbca,3.01,6,2019,positive
bbca,1.22,5,2019,positive
bbca,3.60,4,2019,positive
bbca,0.63,3,2019,positive
bbca,-2.13,2,2019,negative
bbca,8.37,1,2019,positive
bbca,-0.19,12,2018,negative
bbca,10.15,11,2018,positive
bbca,-2.07,10,2018,negative
bbca,-2.62,9,2018,negative
bbca,6.55,8,2018,positive
bbca,8.38,7,2018,positive
bbca,-5.40,6,2018,negative
bbca,2.71,5,2018,positive
bbca,-5.15,4,2018,negative
bbca,0.54,3,2018,positive
bbca,1.98,2,2018,positive
bbca,3.77,1,2018,positive
bbca,7.62,12,2017,positive
bbca,-2.63,11,2017,negative
bbca,2.96,10,2017,positive
bbca,7.12,9,2017,positive
bbca,1.34,8,2017,positive
bbca,3.03,7,2017,positive
bbca,5.83,6,2017,positive
bbca,-3.38,5,2017,negative
bbca,7.25,4,2017,positive
bbca,7.12,3,2017,positive
bbca,0.98,2,2017,positive
bbca,-1.29,1,2017,negative
bbca,8.39,12,2016,positive
bbca,-7.89,11,2016,negative
bbca,-1.11,10,2016,negative
bbca,4.32,9,2016,positive
bbca,4.15,8,2016,positive
bbca,8.44,7,2016,positive
bbca,2.50,6,2016,positive
bbca,-0.38,5,2016,negative
bbca,-1.88,4,2016,negative
bbca,-1.30,3,2016,negative
bbca,2.86,2,2016,positive
bbca,-1.50,1,2016,negative
bbca,7.47,12,2015,positive
bbca,-4.07,11,2015,negative
bbca,5.09,10,2015,positive
bbca,-4.84,9,2015,negative
bbca,-1.53,8,2015,negative
asii,-4.66,9,2022,negative
asii,10.28,8,2022,positive
asii,-4.53,7,2022,negative
asii,-9.86,6,2022,negative
asii,-2.97,5,2022,negative
asii,15.21,4,2022,positive
asii,13.36,3,2022,positive
asii,5.94,2,2022,positive
asii,-3.95,1,2022,negative
asii,-1.30,12,2021,negative
asii,-4.15,11,2021,negative
asii,9.55,10,2021,positive
asii,5.26,9,2021,positive
asii,10.70,8,2021,positive
asii,-4.45,7,2021,negative
asii,-5.90,6,2021,negative
asii,-4.55,5,2021,negative
asii,4.27,4,2021,positive
asii,-2.31,3,2021,negative
asii,-11.48,2,2021,negative
asii,1.24,1,2021,positive
asii,13.68,12,2020,positive
asii,-2.30,11,2020,negative
asii,21.64,10,2020,positive
asii,-12.55,9,2020,negative
asii,-0.97,8,2020,negative
asii,7.29,7,2020,positive
asii,0.63,6,2020,positive
asii,23.90,5,2020,positive
asii,-1.28,4,2020,negative
asii,-29.41,3,2020,negative
asii,-12.99,2,2020,negative
asii,-8.30,1,2020,negative
asii,6.54,12,2019,positive
asii,-6.47,11,2019,negative
asii,5.30,10,2019,positive
asii,-1.12,9,2019,negative
asii,-4.64,8,2019,negative
asii,-6.04,7,2019,negative
asii,0.00,6,2019,positive
asii,-2.30,5,2019,negative
asii,4.10,4,2019,positive
asii,2.45,3,2019,positive
asii,-15.38,2,2019,negative
asii,2.74,1,2019,positive
asii,-3.80,12,2018,negative
asii,8.23,11,2018,positive
asii,7.48,10,2018,positive
asii,1.38,9,2018,positive
asii,1.40,8,2018,positive
asii,8.33,7,2018,positive
asii,-4.35,6,2018,negative
asii,-3.50,5,2018,negative
asii,-2.05,4,2018,negative
asii,-9.60,3,2018,negative
asii,-5.00,2,2018,negative
asii,2.41,1,2018,positive
asii,4.08,12,2017,positive
asii,-0.31,11,2017,negative
asii,1.27,10,2017,positive
asii,0.32,9,2017,positive
asii,-1.25,8,2017,negative
asii,-10.64,7,2017,negative
asii,2.00,6,2017,positive
asii,-2.23,5,2017,negative
asii,3.77,4,2017,positive
asii,5.18,3,2017,positive
asii,3.14,2,2017,positive
asii,-3.93,1,2017,negative
asii,9.60,12,2016,positive
asii,-8.21,11,2016,negative
asii,-0.30,10,2016,negative
asii,1.23,9,2016,positive
asii,5.50,8,2016,positive
asii,4.39,7,2016,positive
asii,12.12,6,2016,positive
asii,-1.86,5,2016,negative
asii,-7.24,4,2016,negative
asii,6.62,3,2016,positive
asii,5.43,2,2016,positive
asii,7.50,1,2016,positive
asii,1.27,12,2015,positive
asii,0.42,11,2015,positive
asii,12.92,10,2015,positive
asii,-11.81,9,2015,negative
asii,-10.90,8,2015,negative
asii,-6.01,7,2015,negative
asii,-3.08,6,2015,negative
asii,6.57,5,2015,positive
asii,-20.12,4,2015,negative
arto,-7.12,9,2022,negative
arto,-20.33,8,2022,negative
arto,15.57,7,2022,positive
arto,-2.40,6,2022,negative
arto,-19.53,5,2022,negative
arto,-20.48,4,2022,negative
arto,-9.43,3,2022,negative
arto,-1.37,2,2022,negative
arto,2.50,1,2022,positive
arto,1.11,12,2021,positive
arto,2.10,11,2021,positive
arto,2.65,10,2021,positive
arto,-0.49,9,2021,negative
arto,-15.46,8,2021,negative
arto,31.74,7,2021,positive
arto,12.14,6,2021,positive
arto,19.70,5,2021,positive
arto,4.37,4,2021,positive
arto,17.27,3,2021,positive
arto,49.24,2,2021,positive
arto,55.83,1,2021,positive
arto,48.77,12,2020,positive
arto,1.40,11,2020,positive
arto,0.38,10,2020,positive
arto,7.98,9,2020,positive
arto,-6.07,8,2020,negative
arto,58.17,7,2020,positive
arto,102.20,6,2020,positive
arto,0.55,5,2020,positive
arto,18.36,4,2020,positive
arto,52.88,3,2020,positive
arto,-10.94,2,2020,negative
arto,15.76,1,2020,positive
arto,63.29,12,2019,positive
arto,-27.74,11,2019,negative
arto,142.96,10,2019,positive
arto,29.81,9,2019,positive
arto,395.24,8,2019,positive
arto,0.00,7,2019,positive
arto,10.53,6,2019,positive
arto,-5.00,5,2019,negative
arto,5.26,4,2019,positive
arto,-5.00,3,2019,negative
arto,-4.76,2,2019,negative
arto,-8.70,1,2019,negative
arto,9.52,12,2018,positive
arto,0.00,11,2018,positive
arto,5.00,10,2018,positive
arto,-4.76,9,2018,negative
arto,10.53,8,2018,positive
arto,-5.00,7,2018,negative
arto,-4.76,6,2018,negative
arto,5.00,5,2018,positive
arto,-16.67,4,2018,negative
arto,0.00,3,2018,positive
arto,-4.00,2,2018,negative
arto,19.05,1,2018,positive
arto,0.00,12,2017,positive
arto,10.53,11,2017,positive
arto,-5.00,10,2017,negative
arto,-4.76,9,2017,negative
arto,-8.70,8,2017,negative
arto,-32.35,7,2017,negative
arto,61.90,6,2017,positive
arto,0.00,5,2017,positive
arto,0.00,4,2017,positive
arto,-100.00,3,2017,negative
arto,-13.64,2,2017,negative
arto,10.00,1,2017,positive
arto,5.26,12,2016,positive
arto,0.00,11,2016,positive
arto,0.00,10,2016,positive
arto,0.00,9,2016,positive
arto,0.00,8,2016,positive
arto,-5.00,7,2016,negative
arto,11.11,6,2016,positive
arto,5.88,5,2016,positive
arto,0.00,4,2016,positive
arto,21.43,3,2016,positive
arto,0.00,2,2016,positive
arto,0.00,1,2016,positive
antm,-2.01,9,2022,negative
antm,1.79,8,2022,positive
antm,8.61,7,2022,positive
antm,-28.29,6,2022,negative
antm,-3.46,5,2022,negative
antm,6.56,4,2022,positive
antm,9.91,3,2022,positive
antm,25.42,2,2022,positive
antm,-21.33,1,2022,negative
antm,-2.17,12,2021,negative
antm,-1.71,11,2021,negative
antm,2.18,10,2021,positive
antm,-4.18,9,2021,negative
antm,-5.16,8,2021,negative
antm,9.57,7,2021,positive
antm,-6.12,6,2021,negative
antm,-1.61,5,2021,negative
antm,10.67,4,2021,positive
antm,-20.77,3,2021,negative
antm,27.93,2,2021,positive
antm,14.73,1,2021,positive
antm,69.00,12,2020,positive
antm,8.53,11,2020,positive
antm,49.65,10,2020,positive
antm,-14.02,9,2020,negative
antm,12.33,8,2020,positive
antm,20.66,7,2020,positive
antm,13.08,6,2020,positive
antm,4.90,5,2020,positive
antm,13.33,4,2020,positive
antm,-21.74,3,2020,negative
antm,-20.14,2,2020,negative
antm,-14.29,1,2020,negative
antm,12.00,12,2019,positive
antm,-15.73,11,2019,negative
antm,-8.72,10,2019,negative
antm,-8.88,9,2019,negative
antm,14.44,8,2019,positive
antm,10.65,7,2019,positive
antm,16.55,6,2019,positive
antm,-16.18,5,2019,negative
antm,-2.26,4,2019,negative
antm,-12.81,3,2019,negative
antm,5.18,2,2019,positive
antm,26.14,1,2019,positive
antm,24.39,12,2018,positive
antm,-9.56,11,2018,negative
antm,-19.53,10,2018,negative
antm,-2.87,9,2018,negative
antm,-4.92,8,2018,negative
antm,2.81,7,2018,positive
antm,2.89,6,2018,positive
antm,2.37,5,2018,positive
antm,9.03,4,2018,positive
antm,-18.85,3,2018,negative
antm,4.37,2,2018,positive
antm,46.40,1,2018,positive
antm,-6.02,12,2017,negative
antm,3.10,11,2017,positive
antm,0.78,10,2017,positive
antm,-13.51,9,2017,negative
antm,7.25,8,2017,positive
antm,-0.72,7,2017,negative
antm,-10.32,6,2017,negative
antm,11.51,5,2017,positive
antm,-4.79,4,2017,negative
antm,-2.01,3,2017,negative
antm,-6.87,2,2017,negative
antm,-10.61,1,2017,negative
antm,-7.73,12,2016,negative
antm,8.38,11,2016,positive
antm,9.15,10,2016,positive
antm,13.89,9,2016,positive
antm,-9.43,8,2016,negative
antm,9.66,7,2016,positive
antm,11.54,6,2016,positive
antm,-14.47,5,2016,negative
antm,63.79,4,2016,positive
antm,27.47,3,2016,positive
antm,10.64,2,2016,positive
antm,4.78,1,2016,positive
antm,-0.32,12,2015,negative
antm,-16.67,11,2015,negative
antm,-7.35,10,2015,negative
antm,-2.86,9,2015,negative
antm,5.26,8,2015,positive
antm,-30.12,7,2015,negative
antm,-10.50,6,2015,negative
bbca,-2.96,7,2015,negative
bbca,-4.42,6,2015,negative
bbca,4.82,5,2015,positive
bbca,-9.11,4,2015,negative
bbca,5.14,3,2015,positive
bbca,5.42,2,2015,positive
bbca,1.90,1,2015,positive
bbca,0.19,12,2014,positive
bbca,0.38,11,2014,positive
bbca,-0.19,10,2014,negative
bbca,16.74,9,2014,positive
bbca,-3.45,8,2014,negative
bbca,5.45,7,2014,positive
bbca,2.09,6,2014,positive
bbca,-2.05,5,2014,negative
bbca,3.77,4,2014,positive
bbca,3.67,3,2014,positive
bbca,3.02,2,2014,positive
bbca,3.39,1,2014,positive
bbca,-0.52,12,2013,negative
bbca,-7.66,11,2013,negative
bbca,4.50,10,2013,positive
bbca,10.50,9,2013,positive
bbca,-12.98,8,2013,negative
bbca,4.00,7,2013,positive
bbca,-3.38,6,2013,negative
bbca,-3.72,5,2013,negative
bbca,-5.70,4,2013,negative
bbca,3.64,3,2013,positive
bbca,13.99,2,2013,positive
bbca,6.04,1,2013,positive
asii,9.24,3,2015,positive
asii,0.00,2,2015,positive
asii,5.72,1,2015,positive
asii,4.21,12,2014,positive
asii,5.17,11,2014,positive
asii,-3.90,10,2014,negative
asii,-6.93,9,2014,negative
asii,-1.94,8,2014,negative
asii,6.19,7,2014,positive
asii,2.83,6,2014,positive
asii,-4.71,5,2014,negative
asii,0.68,4,2014,positive
asii,6.12,3,2014,positive
asii,8.17,2,2014,positive
asii,-5.51,1,2014,negative
asii,8.80,12,2013,positive
asii,-6.02,11,2013,negative
asii,3.10,10,2013,positive
asii,6.61,9,2013,positive
asii,-6.92,8,2013,negative
asii,-7.14,7,2013,negative
asii,-0.71,6,2013,negative
asii,-4.08,5,2013,negative
asii,-6.96,4,2013,negative
asii,-0.63,3,2013,negative
asii,8.16,2,2013,positive
asii,-3.29,1,2013,negative
antm,-4.49,5,2015,negative
antm,-8.12,4,2015,negative
antm,-13.86,3,2015,negative
antm,-5.70,2,2015,negative
antm,0.00,1,2015,positive
antm,8.75,12,2014,positive
antm,0.98,11,2014,positive
antm,-12.55,10,2014,negative
antm,-7.17,9,2014,negative
antm,-5.90,8,2014,negative
antm,16.48,7,2014,positive
antm,-9.13,6,2014,negative
antm,2.13,5,2014,positive
antm,3.57,4,2014,positive
antm,9.04,3,2014,positive
antm,1.04,2,2014,positive
antm,-5.57,1,2014,negative
antm,-13.42,12,2013,negative
antm,-21.28,11,2013,negative
antm,12.66,10,2013,positive
antm,6.80,9,2013,positive
antm,14.68,8,2013,positive
antm,15.95,7,2013,positive
antm,-21.86,6,2013,negative
antm,-7.25,5,2013,negative
antm,0.70,4,2013,positive
antm,6.18,3,2013,positive
antm,-5.08,2,2013,negative
antm,6.23,1,2013,positive
adro,13.56,9,2022,positive
adro,8.92,8,2022,positive
adro,13.64,7,2022,positive
adro,-12.54,6,2022,negative
adro,-2.10,5,2022,negative
adro,24.16,4,2022,positive
adro,9.80,3,2022,positive
adro,9.38,2,2022,positive
adro,-0.44,1,2022,negative
adro,32.35,12,2021,positive
adro,1.19,11,2021,positive
adro,-4.55,10,2021,negative
adro,39.68,9,2021,positive
adro,-5.62,8,2021,negative
adro,10.79,7,2021,positive
adro,1.26,6,2021,positive
adro,-4.42,5,2021,negative
adro,5.96,4,2021,positive
adro,-0.42,3,2021,negative
adro,-1.67,2,2021,negative
adro,-16.08,1,2021,negative
adro,2.88,12,2020,positive
adro,23.56,11,2020,positive
adro,-0.88,10,2020,negative
adro,4.61,9,2020,positive
adro,0.00,8,2020,positive
adro,9.05,7,2020,positive
adro,-9.55,6,2020,negative
adro,19.57,5,2020,positive
adro,-7.07,4,2020,negative
adro,-14.29,3,2020,negative
adro,-5.71,2,2020,negative
adro,-21.22,1,2020,negative
adro,26.42,12,2019,positive
adro,-6.11,11,2019,negative
adro,1.55,10,2019,positive
adro,14.67,9,2019,positive
adro,-11.42,8,2019,negative
adro,-6.62,7,2019,negative
adro,5.02,6,2019,positive
adro,-0.77,5,2019,negative
adro,-2.97,4,2019,negative
adro,2.67,3,2019,positive
adro,-5.76,2,2019,negative
adro,14.40,1,2019,positive
adro,-5.45,12,2018,negative
adro,-22.12,11,2018,negative
adro,-10.08,10,2018,negative
adro,-1.61,9,2018,negative
adro,-2.10,8,2018,negative
adro,6.42,7,2018,positive
adro,-5.04,6,2018,negative
adro,2.72,5,2018,positive
adro,-13.85,4,2018,negative
adro,-9.36,3,2018,negative
adro,-4.08,2,2018,negative
adro,31.72,1,2018,positive
adro,9.41,12,2017,positive
adro,-6.85,11,2017,negative
adro,0.00,10,2017,positive
adro,0.00,9,2017,positive
adro,2.24,8,2017,positive
adro,12.97,7,2017,positive
adro,3.95,6,2017,positive
adro,-14.37,5,2017,negative
adro,1.43,4,2017,positive
adro,3.24,3,2017,positive
adro,0.00,2,2017,positive
adro,0.00,1,2017,positive
adro,10.78,12,2016,positive
adro,-3.47,11,2016,negative
adro,31.54,10,2016,positive
adro,4.78,9,2016,positive
adro,10.58,8,2016,positive
adro,22.35,7,2016,positive
adro,19.72,6,2016,positive
adro,-2.74,5,2016,negative
adro,13.18,4,2016,positive
adro,6.61,3,2016,positive
adro,15.24,2,2016,positive
adro,1.94,1,2016,positive
adro,-6.36,12,2015,negative
adro,-7.56,11,2015,negative
adro,11.21,10,2015,positive
adro,-10.08,9,2015,negative
adro,0.85,8,2015,positive
adro,-22.37,7,2015,negative
adro,-11.63,6,2015,negative
adro,-1.71,5,2015,negative
adro,-7.89,4,2015,negative
adro,-1.04,3,2015,negative
adro,-4.00,2,2015,negative
adro,-3.85,1,2015,negative
adro,-3.70,12,2014,negative
adro,-4.85,11,2014,negative
adro,-3.40,10,2014,negative
adro,-10.65,9,2014,negative
adro,10.97,8,2014,positive
adro,0.85,7,2014,positive
adro,-4.08,6,2014,negative
adro,3.38,5,2014,positive
adro,20.92,4,2014,positive
adro,-1.51,3,2014,negative
adro,4.74,2,2014,positive
adro,-12.84,1,2014,negative
adro,-3.54,12,2013,negative
adro,10.78,11,2013,positive
adro,13.33,10,2013,positive
adro,-3.23,9,2013,negative
adro,32.86,8,2013,positive
adro,-18.60,7,2013,negative
adro,-7.53,6,2013,negative
adro,-24.39,5,2013,negative
adro,-6.11,4,2013,negative
adro,-16.56,3,2013,negative
adro,-4.85,2,2013,negative
adro,3.77,1,2013,positive
